gene,baseMean,Log2FoldChange,lfcSE,stat,pvalue,padj
GADD45A,549.761,4.69171,0.356624,13.1559,1.57354e-39,5.76544e-36
DDB2,1153.61,3.67878,0.323605,11.3681,6.02768e-30,7.01674e-27
RPS27L,1806.77,3.50735,0.308815,11.3575,6.80946e-30,7.01674e-27
PMAIP1,1500.85,3.56904,0.314531,11.3472,7.6602e-30,7.01674e-27
MDM2,1117.68,3.64742,0.324779,11.2304,2.89005e-29,2.11783e-26
CDKN1A,1286.58,3.51176,0.319698,10.9846,4.53221e-28,2.76767e-25
GENE00650,36234.4,2.86496,0.263133,10.8879,1.31696e-27,6.89335e-25
BAX,2428.38,3.18606,0.300732,10.5943,3.16564e-26,1.44986e-23
SESN1,818.987,3.54567,0.337358,10.5101,7.75845e-26,3.15855e-23
CCNG1,1276.26,3.35612,0.319979,10.4886,9.7501e-26,3.57244e-23
AEN,5228.32,2.89858,0.284575,10.1856,2.29832e-24,6.81378e-22
MCM2,5869.01,-2.87866,0.282633,-10.1851,2.31017e-24,6.81378e-22
GENE03179,3192.74,2.99562,0.294244,10.1807,2.41755e-24,6.81378e-22
ZMAT3,3226.23,2.96178,0.294014,10.0736,7.22753e-24,1.89155e-21
PLK3,3135.78,2.85366,0.294644,9.68509,3.48885e-22,8.52209e-20
BUB1,1061.2,-3.14238,0.326743,-9.61726,6.76056e-22,1.54817e-19
GENE02122,2707.1,2.82078,0.298049,9.46414,2.95999e-21,6.37964e-19
MKI67,1735.75,-2.80688,0.310006,-9.05427,1.37485e-19,2.79858e-17
AURKA,2420.96,-2.68575,0.30081,-8.9284,4.32221e-19,8.33505e-17
GENE02160,813.759,2.9699,0.337638,8.79612,1.41628e-18,2.59463e-16
GENE01220,1884.42,2.69482,0.307591,8.76107,1.93401e-18,3.37439e-16
RRM2B,912.604,2.90073,0.332756,8.71728,2.84971e-18,4.74606e-16
GENE01230,6552.32,2.42343,0.280885,8.62784,6.25222e-18,9.96006e-16
FAS,2310.35,2.55594,0.302012,8.46305,2.60466e-17,3.97644e-15
AURKB,1841.2,-2.58657,0.308263,-8.39079,4.8288e-17,7.07709e-15
CDK1,1681.7,-2.59319,0.310963,-8.33923,7.47779e-17,1.05379e-14
GENE03463,7852.38,-2.29072,0.278212,-8.2337,1.81513e-16,2.46319e-14
KIF20A,4721.06,-2.3544,0.286385,-8.2211,2.0164e-16,2.55306e-14
CCNA2,3731.09,-2.39168,0.290928,-8.22085,2.02071e-16,2.55306e-14
GENE02038,2224.2,-2.47297,0.303009,-8.16136,3.31277e-16,4.04599e-14
GENE00872,1906.42,-2.49117,0.307257,-8.10778,5.15533e-16,6.09327e-14
GENE01157,5441.5,2.2983,0.283891,8.09571,5.69334e-16,6.51887e-14
GENE01743,985.899,2.66359,0.32962,8.08079,6.43481e-16,7.14459e-14
GENE03000,3595.97,2.35369,0.29169,8.06915,7.07914e-16,7.49465e-14
GENE03316,771.866,-2.74292,0.339985,-8.06777,7.15919e-16,7.49465e-14
GENE01376,2671.7,-2.39261,0.298367,-8.01903,1.06583e-15,1.08478e-13
GENE01364,4368.35,-2.3051,0.287825,-8.00868,1.15945e-15,1.14817e-13
GENE02349,1070.79,2.56372,0.326399,7.85456,4.01164e-15,3.86806e-13
CCNB2,1817.35,-2.41921,0.308644,-7.83821,4.57027e-15,4.29371e-13
GENE00270,1425.36,-2.40871,0.316218,-7.61722,2.59195e-14,2.37423e-12
GENE01386,187.38,3.28387,0.432633,7.59044,3.18826e-14,2.84921e-12
GENE03097,1554.16,-2.35918,0.313415,-7.52733,5.17873e-14,4.42833e-12
PLK1,704.588,-2.59062,0.344183,-7.52687,5.197e-14,4.42833e-12
FOXM1,980.937,-2.4657,0.329821,-7.47587,7.66944e-14,6.38655e-12
GENE01153,3484.18,-2.18095,0.292354,-7.45996,8.65502e-14,7.04711e-12
APAF1,3546.37,2.16746,0.291981,7.42331,1.14228e-13,9.09852e-12
CDC20,2091.96,-2.2449,0.304659,-7.36855,1.72496e-13,1.34473e-11
GENE00519,1730.26,-2.28394,0.310101,-7.36513,1.76979e-13,1.35094e-11
GENE03372,982.371,2.40191,0.329763,7.28374,3.24684e-13,2.42784e-11
GENE01323,1044.38,-2.27251,0.327359,-6.94194,3.86753e-12,2.83412e-10
GENE01764,358.855,-2.64078,0.381972,-6.91356,4.72647e-12,3.39564e-10
GENE03594,2481.43,2.06901,0.300187,6.89241,5.48552e-12,3.86518e-10
GENE03443,4775.83,1.97132,0.286176,6.8885,5.63825e-12,3.89784e-10
GENE00281,396.824,2.55931,0.375499,6.81575,9.37761e-12,6.36288e-10
GENE00643,8855.47,-1.87507,0.276566,-6.7798,1.20339e-11,8.0168e-10
BIRC5,1310.82,-2.15627,0.319051,-6.75838,1.39544e-11,9.07637e-10
SESN2,3836.32,1.96189,0.290363,6.75667,1.41199e-11,9.07637e-10
GENE03751,956.177,-2.20545,0.330848,-6.66605,2.62787e-11,1.66009e-09
GENE01314,3033.73,-1.95553,0.295389,-6.62018,3.58766e-11,2.228e-09
GENE01899,216.882,2.7691,0.419757,6.5969,4.19851e-11,2.56389e-09
FDXR,1708.68,2.04634,0.31048,6.5909,4.37167e-11,2.62587e-09
BTG2,4290.87,1.88412,0.288165,6.53833,6.22088e-11,3.67634e-09
CCNB1,3249.88,-1.91913,0.293854,-6.5309,6.53751e-11,3.80213e-09
GENE02922,515.61,-2.3433,0.360098,-6.5074,7.6463e-11,4.37751e-09
TRIAP1,2112.61,1.97974,0.304391,6.50394,7.82435e-11,4.41052e-09
GENE02567,2178.6,-1.97239,0.303561,-6.49751,8.16585e-11,4.53328e-09
GENE00164,258.154,-2.6256,0.405597,-6.47343,9.58033e-11,5.23915e-09
GENE00841,338.678,2.49481,0.385846,6.46581,1.00755e-10,5.42264e-09
GENE03686,694.981,-2.22892,0.344832,-6.46378,1.02118e-10,5.42264e-09
GENE00775,2605.47,1.92264,0.298978,6.43071,1.27009e-10,6.64802e-09
GENE03862,161.803,-2.86156,0.446538,-6.40831,1.47139e-10,7.59318e-09
GENE01721,426.19,2.35267,0.371098,6.33974,2.30148e-10,1.1712e-08
GENE03814,474.714,-2.3069,0.364742,-6.32473,2.53682e-10,1.26076e-08
GENE02447,3941.01,-1.83289,0.289823,-6.32415,2.5463e-10,1.26076e-08
GENE00735,981.234,-2.08056,0.329809,-6.30839,2.81961e-10,1.37747e-08
GENE00513,1273.93,2.00218,0.320043,6.25597,3.95048e-10,1.90455e-08
GENE03778,364.889,2.37565,0.380876,6.23734,4.45063e-10,2.1178e-08
GENE00364,2235.09,1.88023,0.30288,6.20783,5.37225e-10,2.52358e-08
GENE01841,104.24,3.06515,0.494862,6.19394,5.86802e-10,2.66764e-08
GENE02023,819.604,-2.08932,0.337325,-6.19379,5.87327e-10,2.66764e-08
GENE02147,758.753,-2.11037,0.340759,-6.19315,5.89734e-10,2.66764e-08
GENE01139,313.874,2.4167,0.391112,6.17907,6.44818e-10,2.88124e-08
GENE00422,8166.71,1.70773,0.277664,6.15034,7.73176e-10,3.41315e-08
GENE01041,1814.3,-1.8973,0.308693,-6.14624,7.93427e-10,3.46085e-08
XPC,2876.18,1.81242,0.296616,6.11034,9.94188e-10,4.28554e-08
GENE01669,378.437,-2.30577,0.378512,-6.09168,1.11729e-09,4.76016e-08
GENE02130,256.666,-2.46529,0.406047,-6.07144,1.26767e-09,5.33878e-08
GENE03948,349.742,-2.26692,0.38368,-5.90836,3.4552e-09,1.43314e-07
GENE02390,1598.96,-1.8461,0.31252,-5.90713,3.48116e-09,1.43314e-07
GENE02880,1315.05,1.87856,0.31894,5.89002,3.86138e-09,1.57201e-07
GENE00292,105.965,-2.89739,0.492861,-5.8787,4.13494e-09,1.66488e-07
GENE02583,409.457,2.17915,0.373548,5.83365,5.42263e-09,2.15962e-07
GENE00239,173.986,-2.56096,0.439532,-5.82655,5.65853e-09,2.22934e-07
GENE02605,58334.5,-1.49532,0.260351,-5.74348,9.27523e-09,3.61537e-07
GENE03310,89.9189,2.94646,0.513642,5.73641,9.67072e-09,3.72984e-07
GENE01902,416.896,2.12948,0.372441,5.71764,1.08011e-08,4.12242e-07
GENE00535,101.555,-2.83318,0.498079,-5.6882,1.28382e-08,4.84939e-07
CCNE1,813.678,-1.91685,0.337642,-5.67716,1.36948e-08,5.12017e-07
GENE02312,825.086,1.9122,0.337034,5.6736,1.39826e-08,5.17496e-07
GENE01624,170.147,2.505,0.441658,5.6718,1.41302e-08,5.1773e-07
GENE00294,202.533,2.41143,0.425668,5.66505,1.46985e-08,5.33222e-07
GENE01116,321.979,-2.19923,0.389324,-5.64883,1.61545e-08,5.80295e-07
GENE03218,404.126,-2.10517,0.37436,-5.62338,1.87257e-08,6.66126e-07
GENE00821,297.691,-2.2161,0.394896,-5.61186,2.00166e-08,7.05201e-07
GENE03940,3319.44,-1.63924,0.293392,-5.58722,2.30732e-08,8.05145e-07
GENE01206,1842.79,-1.71518,0.308237,-5.56447,2.62943e-08,9.08891e-07
GENE02052,167.097,2.46493,0.4434,5.55917,2.71064e-08,9.28204e-07
GENE00826,242.174,-2.27365,0.410648,-5.53674,3.0815e-08,1.03766e-06
GENE00435,176.211,2.42679,0.438332,5.53643,3.08693e-08,1.03766e-06
GENE02493,2366.6,-1.66689,0.30139,-5.53068,3.18992e-08,1.06253e-06
GENE02157,201.659,2.3517,0.426048,5.51979,3.39411e-08,1.12036e-06
GENE01836,3949.02,1.59728,0.289783,5.51199,3.54808e-08,1.16073e-06
GENE01768,95.1811,2.78584,0.50625,5.50288,3.73635e-08,1.2115e-06
GENE01926,1273.98,-1.75282,0.320042,-5.47685,4.32965e-08,1.39156e-06
TIGAR,1092.34,1.7801,0.325642,5.46642,4.5921e-08,1.46308e-06
GENE03261,1955.15,1.67463,0.306539,5.46301,4.68118e-08,1.47861e-06
GENE02750,321.247,-2.10838,0.389483,-5.41328,6.18796e-08,1.93395e-06
GENE02983,1063.79,-1.76787,0.32665,-5.41212,6.22835e-08,1.93395e-06
GENE03208,744.289,1.84335,0.341637,5.39565,6.82748e-08,2.10217e-06
GENE00845,200.844,2.29739,0.426405,5.38781,7.13199e-08,2.17763e-06
GENE02823,379.847,-2.03603,0.378273,-5.38244,7.34812e-08,2.22508e-06
GENE02925,107.147,2.60881,0.491518,5.30765,1.11047e-07,3.33505e-06
GENE00140,382.302,-1.99818,0.377861,-5.28815,1.23558e-07,3.68062e-06
GENE02476,226.498,2.18707,0.416114,5.25594,1.47268e-07,4.34941e-06
GENE03018,897.649,1.75209,0.333442,5.25455,1.48383e-07,4.34941e-06
GENE00086,772.162,-1.77146,0.339968,-5.21067,1.88164e-07,5.47168e-06
GENE03144,110.154,2.51047,0.488199,5.14231,2.71377e-07,7.82932e-06
GENE01161,860.953,-1.72082,0.335202,-5.13369,2.84115e-07,8.1328e-06
GENE02501,143.796,-2.33353,0.458481,-5.08971,3.58618e-07,1.01859e-05
GENE00811,263.788,2.04623,0.403926,5.06586,4.06564e-07,1.14589e-05
GENE03705,578.875,-1.77511,0.353908,-5.01574,5.28308e-07,1.47765e-05
GENE02419,1374.23,1.59141,0.317439,5.01329,5.35061e-07,1.4852e-05
GENE03459,21050.5,-1.32044,0.267231,-4.9412,7.76425e-07,2.13896e-05
GENE00085,23714.6,1.30794,0.266234,4.91273,8.9816e-07,2.45586e-05
GENE03824,5328.85,-1.377,0.284247,-4.84436,1.27018e-06,3.44735e-05
GENE00423,341.011,-1.85618,0.38538,-4.81648,1.46111e-06,3.93639e-05
GENE00763,91.7673,-2.45407,0.510973,-4.80273,1.56517e-06,4.18598e-05
GENE03879,87.0522,-2.48484,0.517948,-4.79748,1.60673e-06,4.26598e-05
GENE02342,1011.71,-1.56133,0.328598,-4.75149,2.01927e-06,5.32274e-05
CENPF,3449.74,-1.37581,0.292564,-4.7026,2.56876e-06,6.7228e-05
GENE00768,82.1506,-2.46051,0.525826,-4.67934,2.87807e-06,7.4304e-05
GENE02394,207.635,-1.98163,0.423496,-4.67922,2.87968e-06,7.4304e-05
GENE01958,153.259,-2.10285,0.451942,-4.65292,3.27269e-06,8.3854e-05
GENE03401,1716.51,1.43048,0.310342,4.60937,4.03895e-06,0.000102769
GENE02324,4194.39,1.32817,0.288602,4.60207,4.18305e-06,0.000105038
GENE02194,213.16,1.93792,0.421233,4.60058,4.21312e-06,0.000105038
GENE01790,134.153,2.14313,0.465844,4.60053,4.21413e-06,0.000105038
GENE00561,677.615,-1.58761,0.346039,-4.58796,4.47593e-06,0.000110809
GENE03693,754.227,1.55398,0.341031,4.5567,5.19624e-06,0.000127779
GENE02346,364.214,1.73552,0.380997,4.55521,5.23328e-06,0.000127831
E2F1,2380.3,-1.36008,0.301242,-4.51492,6.33402e-06,0.000153602
GENE03185,253.208,-1.83755,0.407109,-4.51365,6.37213e-06,0.000153602
GENE00759,515.988,-1.61746,0.360058,-4.49223,7.04818e-06,0.000168788
GENE02233,5999.06,-1.26529,0.282277,-4.48243,7.37963e-06,0.000175578
GENE00744,141.229,-2.05741,0.460367,-4.46907,7.85619e-06,0.00018571
GENE00259,969.391,-1.47343,0.330295,-4.46095,8.15953e-06,0.000191644
GENE00415,288.101,-1.77047,0.397288,-4.45639,8.33518e-06,0.000194523
GENE01309,294.629,-1.75904,0.395647,-4.44598,8.74902e-06,0.000202889
BBC3,877.496,1.4795,0.334395,4.42442,9.67016e-06,0.000222839
GENE03377,777.747,1.5003,0.339644,4.41727,9.9957e-06,0.000228901
GENE00205,1102.12,1.43003,0.325305,4.39596,1.10282e-05,0.000250977
GENE02031,2258.01,1.32667,0.302611,4.38409,1.16471e-05,0.000263426
GENE02080,332.286,1.68728,0.387146,4.35826,1.31099e-05,0.000294692
GENE02046,656.672,-1.49987,0.347559,-4.31545,1.59276e-05,0.000355587
GENE00413,2751.44,1.28419,0.297661,4.31427,1.60131e-05,0.000355587
GENE00620,2619.3,-1.27239,0.298848,-4.25764,2.06593e-05,0.000455999
GENE02919,1017.51,-1.39019,0.328374,-4.23356,2.30023e-05,0.000504672
GENE02896,1605.2,1.32073,0.312399,4.22772,2.36076e-05,0.000514871
GENE00590,262.735,-1.70844,0.404234,-4.22637,2.37494e-05,0.000514898
GENE01535,47.4159,2.58852,0.61306,4.22231,2.41816e-05,0.000521185
GENE02560,125.078,-1.99639,0.473537,-4.21591,2.48777e-05,0.000533053
GENE03660,122.722,1.99854,0.475673,4.20149,2.65159e-05,0.00056485
GENE02985,601.13,-1.46233,0.351966,-4.15475,3.2565e-05,0.000689699
GENE03056,7086.91,1.16109,0.279697,4.15124,3.30677e-05,0.000696322
GENE02298,416.894,1.54179,0.372441,4.1397,3.47768e-05,0.000728126
GENE02539,167.057,-1.8289,0.443423,-4.12451,3.71531e-05,0.00077346
GENE00797,557.791,-1.46406,0.355853,-4.11421,3.88506e-05,0.000804229
GENE03234,29.7436,2.88879,0.708398,4.07791,4.54415e-05,
GENE03698,256.685,-1.63824,0.406042,-4.03466,5.46814e-05,0.00112558
GENE02424,810.608,-1.36139,0.337808,-4.03007,5.57598e-05,0.00114136
GENE00485,44.6506,-2.50419,0.624133,-4.01227,6.01374e-05,0.00122413
GENE03289,383.699,1.51395,0.377628,4.0091,6.09515e-05,0.00123385
GENE01236,381.06,1.51293,0.378069,4.00173,6.28811e-05,0.00126591
GENE02115,64.0108,-2.24892,0.562474,-3.99827,6.38064e-05,0.00127751
GENE03656,413.172,1.49084,0.372991,3.99698,6.41546e-05,0.00127751
GENE00075,48.3994,-2.43046,0.609352,-3.9886,6.64644e-05,0.00131635
GENE03531,507.511,-1.43816,0.360973,-3.98411,6.77322e-05,0.00133425
GENE00732,253.616,1.61956,0.406983,3.97944,6.90774e-05,0.00135168
GENE03765,131.852,1.86082,0.467719,3.97849,6.93547e-05,0.00135168
GENE03333,230.211,1.6434,0.414769,3.96221,7.42607e-05,0.00143964
GENE00150,111.002,-1.92648,0.487287,-3.95348,7.70229e-05,0.00148533
GENE00287,141.201,1.81293,0.460388,3.93783,8.22208e-05,0.00157726
GENE03645,219.424,-1.64655,0.418771,-3.93187,8.42883e-05,0.0016085
GENE01221,74.2893,-2.12097,0.540053,-3.92733,8.58935e-05,0.00162702
GENE01729,179.208,1.71495,0.43675,3.92662,8.6147e-05,0.00162702
GENE03532,108.85,1.91294,0.489621,3.90697,9.34611e-05,0.00175611
TNFRSF10B,1313.27,1.23347,0.318986,3.86684,0.000110255,0.00206109
GENE02286,111.901,-1.87489,0.486333,-3.85516,0.000115652,0.002151
GENE02018,52.819,2.28431,0.593989,3.84571,0.000120202,0.00222434
GENE03307,305.387,-1.50582,0.393059,-3.83103,0.00012761,0.00234956
GENE02754,3524.68,1.11569,0.29211,3.81942,0.000133765,0.00245058
GENE01707,1846.62,-1.15973,0.308177,-3.76318,0.000167766,0.00305818
GENE01427,155.864,-1.67654,0.450248,-3.72358,0.000196414,0.00356268
GENE00176,725.273,-1.27299,0.34283,-3.71318,0.000204668,0.00369411
GENE02938,547.865,1.32331,0.356808,3.70876,0.000208277,0.00374083
GENE01894,48.9048,2.24942,0.60749,3.70281,0.000213225,0.003811
GENE01133,498.665,-1.33838,0.361953,-3.69765,0.000217604,0.00387039
GENE00903,116.857,1.77882,0.481267,3.69611,0.000218926,0.00387509
GENE02803,4530.05,-1.05755,0.287144,-3.683,0.000230509,0.00406051
GENE03397,126.936,1.73372,0.471895,3.67394,0.000238836,0.00418706
GENE01567,178.471,-1.59547,0.437135,-3.64984,0.000262406,0.00455756
GENE03414,320.942,1.42177,0.389549,3.64979,0.000262458,0.00455756
GENE02228,161.303,-1.62591,0.446842,-3.63867,0.000274053,0.00473259
GENE02792,2763.18,1.08242,0.297559,3.63767,0.00027512,0.00473259
GENE03157,445.3,1.33631,0.368471,3.62663,0.000287141,0.00491629
GENE01183,296.227,1.42957,0.395254,3.61683,0.00029823,0.0050824
GENE01732,47.8773,2.20506,0.611306,3.60712,0.000309609,0.00525189
GENE02557,56.2548,2.09896,0.583319,3.5983,0.000320306,0.00540829
GENE01318,1670.03,1.11255,0.311176,3.5753,0.000349823,0.00587959
GENE02571,222.645,1.48707,0.417546,3.56145,0.000368817,0.00617053
GENE01382,495.777,-1.28666,0.362279,-3.55157,0.000382947,0.00637781
GENE00084,60.3042,-2.01847,0.571934,-3.52921,0.000416802,0.00691024
GENE02887,422.709,1.29859,0.371596,3.49462,0.000474739,0.00783533
GENE03319,8892.1,-0.963468,0.276512,-3.48437,0.000493306,0.00810526
GENE02873,14.5588,-3.1356,0.905206,-3.46396,0.000532281,
GENE03260,156.424,1.55466,0.449889,3.45566,0.000548946,0.00897918
GENE00514,55.9751,2.0071,0.584151,3.43593,0.000590529,0.00961643
GENE02060,2094.51,1.04142,0.304626,3.41867,0.000629282,0.0102022
GENE02350,163.766,-1.51544,0.445356,-3.40275,0.000667102,0.0107677
GENE01170,309.908,1.33311,0.392012,3.40068,0.000672176,0.010784
GENE03198,244.172,1.39394,0.40999,3.39994,0.000674,0.010784
GENE02958,216.274,1.4197,0.419996,3.38027,0.000724136,0.0115358
GENE02731,729.161,-1.15573,0.342582,-3.37358,0.000741973,0.0117688
GENE03133,242.574,1.38216,0.410516,3.3669,0.000760195,0.0120058
GENE01394,1257.69,1.07865,0.320494,3.3656,0.000763778,0.0120107
GENE03284,57.1549,1.94784,0.580684,3.35439,0.000795398,0.0124544
GENE02264,554.945,1.19347,0.356124,3.35128,0.000804377,0.0125414
GENE01251,274.317,1.34019,0.400943,3.34259,0.00083001,0.0128863
GENE01297,50.8413,2.005,0.600616,3.33825,0.000843092,0.0130341
GENE03263,119.146,1.59461,0.479034,3.3288,0.000872223,0.0134278
GENE00812,102.985,-1.65071,0.49635,-3.3257,0.000881974,0.0135211
GENE01826,78.1621,1.76771,0.532776,3.31793,0.000906863,0.0138448
GENE00723,654.088,1.14692,0.347751,3.2981,0.000973399,0.0147989
GENE03167,132.465,1.53847,0.467214,3.29287,0.000991718,0.0150151
GENE01390,43.6759,2.06722,0.628285,3.29026,0.00100094,0.0150923
GENE03353,111.926,1.59778,0.486306,3.28555,0.00101784,0.015239
GENE03680,60.0914,-1.88081,0.572503,-3.28523,0.00101898,0.015239
GENE01486,230.319,1.36148,0.414731,3.28279,0.00102784,0.015309
GENE00675,159.739,-1.4613,0.447804,-3.26327,0.00110136,0.0163376
GENE02118,140.431,-1.49989,0.460964,-3.25381,0.00113867,0.0168229
GENE02719,63.9744,1.82039,0.562563,3.23589,0.00121265,0.0177961
GENE01807,202.975,-1.37663,0.425476,-3.23551,0.00121425,0.0177961
GENE00716,73.8698,1.74892,0.540875,3.23349,0.00122286,0.0178508
GENE02322,305.534,-1.27022,0.393024,-3.23192,0.00122962,0.0178783
GENE03886,590.559,1.13053,0.352875,3.20378,0.00135638,0.0195886
GENE00069,275.135,-1.28327,0.400719,-3.20242,0.00136277,0.0195886
GENE00052,633.948,-1.11853,0.349292,-3.20229,0.00136341,0.0195886
GENE01158,170.892,-1.41181,0.44124,-3.19963,0.00137604,0.0195886
GENE01660,210.686,-1.3508,0.422235,-3.19917,0.00137822,0.0195886
GENE02628,427.383,1.18658,0.370929,3.19894,0.00137933,0.0195886
GENE00584,217.896,-1.33998,0.419362,-3.19529,0.00139692,0.0197618
GENE00449,19.4009,-2.61111,0.817583,-3.19369,0.00140466,
GENE00227,399.597,-1.19165,0.375063,-3.17721,0.00148698,0.0209549
GENE02388,30.8029,2.21302,0.700448,3.15944,0.00158073,
GENE03691,1278.44,-1.00813,0.31992,-3.1512,0.00162602,0.0228266
GENE01994,547.595,1.12251,0.356834,3.14573,0.00165671,0.0231686
GENE00988,835.697,1.05616,0.33648,3.13885,0.00169613,0.0236297
GENE02100,35.3778,2.09552,0.670315,3.12617,0.00177097,0.0245164
GENE03210,606.263,1.09883,0.351534,3.12581,0.00177315,0.0245164
GENE00271,143.264,-1.43146,0.458868,-3.11954,0.00181131,0.0248622
GENE02198,255.435,-1.26783,0.406423,-3.11947,0.00181174,0.0248622
GENE03745,937.221,-1.02719,0.331662,-3.09712,0.00195414,0.0267163
GENE01101,295.877,-1.22104,0.39534,-3.08858,0.00201117,0.0273938
GENE01228,742.51,-1.05358,0.341746,-3.08292,0.0020498,0.0278166
GENE02542,7.82935,-3.52508,1.14346,-3.08281,0.00205059,
GENE01900,3516.87,-0.899574,0.292156,-3.07908,0.00207638,0.0280733
GENE01292,675.897,1.06089,0.346161,3.06473,0.00217868,0.0293481
GENE02940,109.349,-1.49807,0.489074,-3.06308,0.00219069,0.0294018
GENE01565,1482.27,0.959078,0.314935,3.04533,0.00232429,0.031081
GENE02529,816.457,1.02255,0.337493,3.02984,0.00244685,0.0326009
GENE03595,1187.88,-0.976803,0.322536,-3.02851,0.00245763,0.032626
GENE02657,128.702,-1.4232,0.470367,-3.02572,0.00248038,0.0328091
GENE03038,837.037,-1.01716,0.336411,-3.02356,0.00249821,0.032926
GENE01433,83.659,1.57948,0.523328,3.01815,0.00254326,0.0333997
GENE03138,2160.14,-0.906866,0.30379,-2.98518,0.00283414,0.0370867
GENE03521,181.043,-1.29625,0.435801,-2.9744,0.00293563,0.038278
GENE00647,102.854,-1.47038,0.496507,-2.96145,0.00306199,0.0397841
GENE01766,122.391,-1.40864,0.475978,-2.95946,0.00308178,0.0398071
GENE00829,6513.2,0.831437,0.280977,2.95909,0.00308548,0.0398071
GENE02765,324.435,1.14946,0.388796,2.95645,0.003112,0.0400083
GENE03134,98.747,-1.48165,0.501581,-2.95397,0.00313717,0.0401909
GENE01205,17.3399,-2.50663,0.850367,-2.94771,0.00320139,
GENE02514,958.71,-0.974389,0.330741,-2.94608,0.00321834,0.0410243
GENE02385,176.156,-1.29118,0.438361,-2.94547,0.00322462,0.0410243
GENE03642,41.4011,-1.88009,0.638538,-2.94437,0.00323613,0.0410283
GENE01371,4687.91,-0.840344,0.286513,-2.933,0.003357,0.042414
GENE01745,1427.57,-0.923522,0.316167,-2.921,0.00348915,0.0439321
GENE02150,158.45,1.30836,0.448607,2.91649,0.00353991,0.0442593
GENE01911,316.39,1.13901,0.390549,2.91644,0.0035405,0.0442593
GENE02840,73.8468,-1.57704,0.54092,-2.91548,0.00355137,0.0442593
GENE03071,126.001,1.37484,0.472717,2.90838,0.00363309,0.0451242
GENE01140,184.47,1.25828,0.434067,2.8988,0.00374593,0.0463685
TOP2A,2239.77,-0.874196,0.302825,-2.8868,0.00389178,0.0480118
GENE00728,1273.07,-0.923468,0.320067,-2.88523,0.00391123,0.0480898
GENE03005,37.3401,1.90009,0.659121,2.88276,0.00394206,0.0483067
GENE02334,379.473,-1.0888,0.378336,-2.87785,0.00400395,0.0489016
GENE03454,268.824,1.15762,0.402477,2.87624,0.00402438,0.0489878
GENE03110,80.308,-1.5207,0.528972,-2.87482,0.00404263,0.049047
GENE03425,885.138,0.956082,0.33403,2.86226,0.00420627,0.0508639
GENE03636,155.291,1.28662,0.450617,2.85525,0.0043003,0.05183
GENE00143,552.843,-1.01564,0.356326,-2.85032,0.00436747,0.0523608
GENE01444,121.58,1.35865,0.47673,2.84993,0.00437293,0.0523608
GENE00972,66.1001,-1.58002,0.557496,-2.83414,0.00459486,0.054839
GENE03306,208.799,-1.19769,0.423012,-2.83133,0.00463544,0.0551437
GENE00982,157.356,-1.27129,0.449296,-2.82951,0.004662,0.0551512
GENE03280,941.68,0.937796,0.331468,2.82922,0.00466617,0.0551512
GENE01203,618.557,0.990507,0.350519,2.82583,0.00471587,0.0555594
GENE03494,1297.52,0.901714,0.319404,2.82312,0.00475592,0.0558515
GENE00869,36.1003,-1.87363,0.666087,-2.81289,0.00490986,0.0574752
GENE01428,31.8004,1.92824,0.693327,2.78113,0.00541693,
GENE01421,215.497,-1.16531,0.420302,-2.77255,0.00556184,0.0648999
GENE01442,301.784,1.0911,0.39391,2.76991,0.00560722,0.0652217
GENE02946,119.759,1.32361,0.478448,2.76647,0.00566675,0.0657056
GENE00136,85.164,1.43795,0.520902,2.76051,0.0057712,0.0667056
GENE03032,29.101,1.96272,0.713432,2.7511,0.00593949,
GENE00472,23.541,2.0875,0.765261,2.72783,0.00637523,
GENE01093,571.056,-0.965676,0.354617,-2.72315,0.00646618,0.0745035
GENE03255,175.623,-1.19251,0.438647,-2.71862,0.00655552,0.075296
GENE00458,270.009,-1.09252,0.402143,-2.71674,0.00659291,0.0754888
GENE00595,457.265,-0.995015,0.366911,-2.71187,0.00669048,0.0763674
GENE00250,495.143,-0.981872,0.36235,-2.70973,0.00673381,0.0766232
GENE02815,703.188,-0.931311,0.344277,-2.70512,0.00682792,0.0774536
GENE03009,157.534,-1.2142,0.449183,-2.70312,0.00686914,0.0776807
GENE01658,1178.17,0.870281,0.322834,2.69575,0.007023,0.0791762
GENE00633,14.596,-2.42848,0.90437,-2.68527,0.00724708,
GENE03930,200.395,1.14516,0.426602,2.68438,0.00726652,0.0816703
GENE02870,69.8268,1.47256,0.549177,2.68139,0.00733161,0.0821499
GENE00858,30.8033,1.87633,0.700445,2.67878,0.00738918,
GENE00894,351.443,1.02333,0.383356,2.6694,0.00759869,0.0848829
GENE00568,3919.43,-0.77221,0.289933,-2.66341,0.00773526,0.0861459
GENE03480,42.1559,-1.68615,0.635045,-2.65516,0.00792703,0.0877732
GENE01642,443.469,0.978965,0.368716,2.65507,0.0079293,0.0877732
GENE00538,277.448,-1.06078,0.400089,-2.65136,0.00801673,0.0884738
GENE02770,248.152,-1.07983,0.408701,-2.6421,0.00823931,0.0906572
GENE01026,34.9713,-1.76372,0.672751,-2.62165,0.00875042,0.0959927
GENE02216,166.175,-1.16244,0.443935,-2.6185,0.00883186,0.0964001
GENE01614,101.47,1.30433,0.498182,2.61817,0.00884019,0.0964001
GENE02500,156.766,1.17585,0.449671,2.61491,0.00892512,0.0970375
GENE01001,531.238,-0.936283,0.358466,-2.61191,0.00900373,0.0975529
GENE03519,423.244,0.970065,0.371519,2.61108,0.00902578,0.0975529
GENE01482,62.6008,1.47607,0.565973,2.60801,0.0091069,0.0981403
GENE00132,1237.54,-0.83663,0.321066,-2.60579,0.0091663,0.0984907
GENE01931,339.856,1.00389,0.38561,2.60337,0.00923129,0.0988989
GENE00125,111.07,-1.26333,0.487214,-2.59297,0.00951519,0.101643
GENE00555,30.1384,-1.82549,0.705386,-2.58793,0.00965557,
GENE00337,44.8687,1.60965,0.623223,2.58278,0.00980086,0.104391
GENE00945,1239.53,0.826284,0.321009,2.57402,0.0100523,0.106759
GENE00863,604.076,0.903416,0.351717,2.56859,0.0102114,0.108094
GENE00018,101.465,-1.27921,0.498188,-2.56772,0.0102371,0.108094
GENE01617,107.466,1.26052,0.49116,2.56642,0.0102753,0.108186
GENE03040,619.375,0.895005,0.350453,2.55385,0.0106539,0.111578
GENE03793,211.389,-1.07727,0.421949,-2.55308,0.0106774,0.111578
GENE03277,637.987,0.890837,0.348977,2.55271,0.0106889,0.111578
GENE00395,3284.31,-0.748055,0.293623,-2.54767,0.0108445,0.112881
GENE02252,51.1854,-1.52081,0.599435,-2.53707,0.0111785,0.115933
GENE01234,4217.38,-0.731732,0.288496,-2.53637,0.011201,0.115933
GENE00475,81.3958,-1.3355,0.527102,-2.53366,0.0112879,0.116366
GENE02362,76.9736,-1.35507,0.53495,-2.53309,0.0113063,0.116366
GENE03453,267.105,-1.01968,0.402967,-2.53043,0.0113921,0.116921
GENE02783,42.9217,-1.59663,0.631594,-2.52793,0.0114737,0.11743
GENE00407,542.808,-0.900928,0.357304,-2.52146,0.011687,0.119279
GENE00424,10.0118,2.6179,1.0401,2.51696,0.0118372,
GENE01542,4.73715,-3.51187,1.39863,-2.51093,0.0120414,
GENE02242,1695.16,-0.778399,0.31072,-2.50514,0.0122402,0.124578
GENE03435,80.7592,-1.31288,0.528192,-2.48561,0.0129329,0.131264
GENE03202,62.8032,1.3984,0.565464,2.47302,0.0133978,0.135236
GENE02811,730.526,-0.846778,0.342496,-2.47238,0.0134218,0.135236
GENE02631,310.404,0.968781,0.391898,2.47202,0.0134351,0.135236
GENE02384,153.921,-1.11282,0.451507,-2.46468,0.0137135,0.137661
GENE01424,1045.92,0.805647,0.327302,2.46148,0.0138366,0.138518
GENE03158,141.401,1.12801,0.460239,2.45093,0.0142487,0.142254
GENE03781,113.558,-1.18161,0.484602,-2.43831,0.0147561,0.146919
GENE02301,568.608,-0.862744,0.354842,-2.43135,0.0150427,0.149367
GENE03829,1213.79,-0.781514,0.321758,-2.42889,0.0151451,0.149978
GENE00314,822.84,-0.818374,0.337153,-2.42731,0.0152113,0.150227
GENE03392,23.2761,1.85981,0.768185,2.42105,0.0154759,
GENE02543,770.272,0.823308,0.340078,2.42094,0.0154805,0.152475
GENE01670,220.242,-1.00999,0.418457,-2.41361,0.0157953,0.155158
GENE01160,2991.1,0.712763,0.295711,2.41033,0.0159379,0.15614
GENE00498,1115.15,0.782054,0.324864,2.40733,0.0160698,0.157013
GENE03763,266.99,-0.968724,0.403,-2.40378,0.0162265,0.158122
GENE02318,6145.82,0.675722,0.28189,2.39712,0.0165247,0.160342
GENE00786,449.987,-0.881646,0.367853,-2.39674,0.0165418,0.160342
GENE03052,144.191,1.0908,0.458195,2.38064,0.0172825,0.16708
GENE01261,61.2191,-1.35281,0.569519,-2.37536,0.0175317,0.168711
GENE02786,192.469,1.02178,0.430202,2.37512,0.0175433,0.168711
GENE00641,8098.29,0.654951,0.277781,2.3578,0.0183836,0.175916
GENE01536,64.2288,1.32489,0.561943,2.3577,0.0183886,0.175916
GENE03754,1015.9,-0.773783,0.328436,-2.35596,0.0184747,0.175996
GENE02438,2933.38,-0.697631,0.296159,-2.3556,0.0184931,0.175996
GENE01005,740.533,0.804183,0.341869,2.35231,0.018657,0.17671
GENE00731,62.0747,1.3344,0.567309,2.35216,0.0186645,0.17671
GENE02011,149.943,-1.06628,0.454163,-2.34779,0.0188852,0.178174
GENE01712,2235.89,-0.71089,0.302871,-2.34717,0.0189164,0.178174
GENE03308,6.59371,2.86402,1.22359,2.34068,0.0192488,
GENE01885,6179.24,-0.658828,0.281803,-2.3379,0.0193924,0.182189
GENE01196,35.412,1.56538,0.670112,2.336,0.0194915,0.182651
GENE01122,227.636,-0.970406,0.415699,-2.3344,0.019575,0.182966
GENE03419,289.497,0.925557,0.396933,2.33178,0.0197125,0.183783
GENE03369,1694.76,0.722812,0.310728,2.32619,0.0200083,0.186067
GENE02117,1113.02,-0.754166,0.324936,-2.32097,0.0202885,0.188089
GENE02200,33.5163,1.582,0.681829,2.32023,0.0203284,0.188089
GENE03186,32.1375,-1.60326,0.690995,-2.32021,0.0203294,
GENE02585,168.605,-1.02434,0.442533,-2.31472,0.0206282,0.190382
GENE02534,9.40517,-2.46005,1.06519,-2.3095,0.0209159,
GENE01577,193.64,0.989945,0.429657,2.30404,0.0212205,0.195357
GENE02735,5906.27,-0.645113,0.28253,-2.28334,0.0224101,0.205791
GENE00005,51.0727,1.36837,0.599821,2.28129,0.0225311,0.206345
GENE00151,106.185,1.12335,0.49261,2.28042,0.022583,0.206345
GENE03542,74.7391,1.22746,0.539178,2.27654,0.0228137,0.207934
GENE02408,11.7852,2.22469,0.978234,2.27419,0.0229549,
GENE01823,1091.31,-0.739998,0.325677,-2.27218,0.0230754,0.209797
GENE02699,49.7786,-1.37239,0.604339,-2.27089,0.0231536,0.209987
GENE03614,203.117,-0.965209,0.425415,-2.26887,0.0232765,0.210581
GENE01121,124.802,1.06692,0.473784,2.25191,0.0243281,0.219552
GENE01585,138.48,1.04018,0.462445,2.24931,0.0244926,0.220494
GENE00056,144.074,-1.02825,0.45828,-2.24371,0.0248512,0.223173
GENE00454,466.287,-0.820092,0.365775,-2.24207,0.0249569,0.223344
GENE03661,1760.53,0.693937,0.309582,2.24152,0.0249921,0.223344
GENE02360,1352.88,0.7053,0.317969,2.21814,0.0265452,0.236646
GENE03300,726.286,-0.758685,0.342765,-2.21342,0.0268684,0.238946
GENE02625,373.666,0.838775,0.37933,2.2112,0.0270218,0.239032
GENE01529,384.724,-0.834468,0.377458,-2.21076,0.0270525,0.239032
GENE00700,7906.97,-0.61476,0.278115,-2.21045,0.0270737,0.239032
GENE02842,93.9159,-1.11867,0.507971,-2.20223,0.0276494,0.243527
GENE03298,8949.01,-0.60721,0.276427,-2.19664,0.0280465,0.246432
GENE03768,115.135,1.05872,0.48299,2.192,0.0283792,0.248759
GENE02229,185.541,0.949796,0.433536,2.19081,0.0284652,0.248918
GENE00216,18.2863,-1.82802,0.834624,-2.19024,0.0285071,
GENE00077,350.7,0.839064,0.383497,2.18793,0.0286749,0.250155
GENE02679,398.626,0.819855,0.375215,2.18503,0.028887,0.251406
GENE00014,2191.43,0.661839,0.303404,2.18138,0.0291556,0.253143
GENE03207,115.133,-1.05072,0.482991,-2.17545,0.0295966,0.256364
GENE00791,310.598,0.850371,0.391854,2.17012,0.0299974,0.259223
GENE02691,85.1483,1.12912,0.520927,2.16751,0.0301956,0.260322
GENE00665,114.867,1.04633,0.483261,2.16514,0.0303768,0.261269
GENE02280,53.7462,1.27577,0.591009,2.15862,0.0308794,0.26497
GENE02712,632.997,-0.753546,0.349366,-2.15689,0.0310139,0.265502
GENE03538,932.082,-0.715204,0.331887,-2.15497,0.0311646,0.266063
GENE03350,3419.7,0.630644,0.292751,2.1542,0.0312246,0.266063
GENE03536,2724.39,0.638673,0.297897,2.14394,0.0320375,0.272356
GENE01510,34.8897,1.4416,0.673245,2.14127,0.0322521,0.273202
GENE03176,70.5263,-1.17197,0.54769,-2.13984,0.0323673,0.273202
GENE01440,276.688,-0.856547,0.400295,-2.13979,0.0323718,0.273202
GENE00212,449.305,-0.78703,0.367942,-2.139,0.0324353,0.273202
GENE02173,136.93,-0.99035,0.463644,-2.13601,0.0326783,0.274618
GENE03957,466.395,0.78029,0.365761,2.13333,0.0328976,0.275643
GENE01413,1156.48,-0.689953,0.323514,-2.13268,0.0329507,0.275643
GENE00489,158.029,0.956816,0.448871,2.13161,0.0330393,0.275754
GENE03887,475.583,-0.776732,0.364637,-2.13015,0.0331594,0.276127
GENE02000,3707.13,-0.618258,0.29106,-2.12416,0.0336569,0.279634
GENE02281,445.801,0.781178,0.368405,2.12043,0.0339695,0.281594
GENE01965,617.543,0.740306,0.350602,2.11153,0.0347268,0.287222
GENE00367,10.7209,2.13853,1.01353,2.10999,0.0348596,
GENE03356,810.996,0.71124,0.337787,2.10559,0.0352402,0.290811
GENE02535,261.613,0.850856,0.404565,2.10314,0.0354536,0.291914
GENE00682,95.7165,1.05833,0.505533,2.09349,0.0363057,0.298261
GENE01033,2564.62,-0.625999,0.299366,-2.09108,0.0365206,0.299355
GENE01500,559.74,0.742535,0.355669,2.08771,0.0368236,0.301165
GENE03501,1155.44,-0.674129,0.323547,-2.08356,0.0372005,0.303569
GENE00429,450.82,-0.765427,0.367744,-2.08141,0.037396,0.303995
GENE00919,4995.08,0.593909,0.285373,2.08117,0.0374186,0.303995
GENE02917,7.13489,2.46439,1.18594,2.07802,0.037708,
GENE03576,80.1977,1.09934,0.529164,2.0775,0.0377555,0.306053
GENE02445,7006.15,-0.581088,0.279868,-2.0763,0.0378666,0.306277
GENE00831,478.435,-0.753609,0.364295,-2.06868,0.0385764,0.31133
GENE03379,231.445,-0.856465,0.41433,-2.06711,0.0387238,0.311833
GENE01568,96.56,-1.04211,0.504414,-2.06598,0.03883,0.311866
GENE03130,74.607,1.11404,0.539434,2.0652,0.0389045,0.311866
GENE01344,106.538,-1.01609,0.492207,-2.06436,0.0389832,0.311866
GENE01620,216.331,-0.866248,0.419973,-2.06263,0.0391482,0.312504
GENE01347,1835.49,0.63453,0.308353,2.0578,0.0396091,0.315495
GENE03692,152.999,-0.927119,0.452114,-2.05063,0.0403027,0.319882
GENE02331,188.881,0.885539,0.431905,2.05031,0.0403344,0.319882
GENE01189,308.149,-0.804077,0.392416,-2.04904,0.0404581,0.320169
GENE00331,74.5287,1.10475,0.539586,2.04741,0.0406182,0.320744
GENE02934,1149.77,-0.662373,0.323728,-2.04608,0.0407488,0.321083
GENE01154,2690.52,-0.609413,0.298197,-2.04366,0.0409873,0.32227
GENE00881,2647.11,0.609114,0.298591,2.03996,0.0413539,0.324455
GENE02464,56.4315,1.18659,0.582797,2.03602,0.0417485,0.326852
GENE03505,467.082,-0.743612,0.365676,-2.03353,0.0419994,0.328114
GENE02668,978.574,-0.669552,0.329918,-2.02945,0.0424124,0.330572
GENE00733,26.9072,-1.48525,0.731954,-2.02916,0.0424416,
GENE00004,485.377,0.737362,0.363475,2.02865,0.0424944,0.330572
GENE01982,29.2211,-1.44118,0.712479,-2.02278,0.0430963,
GENE01225,502.024,0.731181,0.361578,2.0222,0.0431562,0.335009
GENE00967,136.312,-0.937882,0.464128,-2.02074,0.0433067,0.335467
GENE01000,391.545,-0.759719,0.376342,-2.01869,0.0435193,0.336054
GENE00892,110.076,0.98541,0.488283,2.01811,0.0435797,0.336054
GENE03340,121.916,0.961107,0.476418,2.01736,0.0436577,0.336054
GENE02276,160.686,0.900606,0.44722,2.01379,0.0440318,0.338223
GENE00445,1820.03,-0.620713,0.3086,-2.01138,0.0442853,0.339459
GENE02376,12435,-0.547058,0.272419,-2.00815,0.0446276,0.341368
GENE01724,305.985,0.785593,0.392919,1.99938,0.0455675,0.347832
GENE01456,135.702,-0.928133,0.464608,-1.99767,0.0457528,0.348374
GENE02288,60.0333,1.14358,0.572659,1.99697,0.0458287,0.348374
GENE02915,1840.05,-0.615092,0.308281,-1.99523,0.0460176,0.349086
GENE00307,404.937,-0.74529,0.374236,-1.9915,0.046426,0.351404
GENE01388,4608.06,0.570986,0.286828,1.99069,0.046515,0.351404
GENE03699,446.127,-0.731968,0.368362,-1.98709,0.0469122,0.3535
GENE02148,26.4273,1.46251,0.73631,1.98626,0.0470039,
GENE02259,530.008,-0.711802,0.358592,-1.98499,0.0471455,0.3535
GENE00523,193.904,0.852606,0.429534,1.98496,0.0471495,0.3535
GENE03920,672.824,0.68746,0.346381,1.9847,0.0471784,0.3535
GENE02406,259.366,0.803414,0.405233,1.9826,0.0474125,0.354529
GENE03860,46.9563,-1.21803,0.614832,-1.98108,0.0475828,0.355078
GENE01333,189.394,-0.85347,0.431659,-1.97719,0.0480206,0.357617
GENE00699,126.123,0.933092,0.472609,1.97434,0.0483426,0.359134
GENE01687,3229.34,0.580242,0.293993,1.97366,0.0484203,0.359134
GENE00588,30.8019,-1.38076,0.700455,-1.97123,0.0486979,
GENE00219,673.313,0.68247,0.346346,1.97049,0.0487822,0.360305
GENE02826,878.449,-0.658813,0.334349,-1.97043,0.0487887,0.360305
GENE00039,493.725,-0.713292,0.362512,-1.96764,0.0491096,0.360305
GENE01038,173.126,-0.865437,0.440002,-1.96689,0.0491956,0.360305
GENE02690,223.883,-0.820241,0.417082,-1.96662,0.0492271,0.360305
GENE02142,107.329,-0.966151,0.491313,-1.96647,0.0492448,0.360305
GENE02883,208.262,-0.831867,0.423235,-1.9655,0.0493566,0.360305
GENE00658,679.951,-0.67979,0.345874,-1.96543,0.049365,0.360305
GENE01362,212.103,0.827064,0.421659,1.96145,0.0498263,0.36295
GENE01849,961.143,0.646231,0.330639,1.95449,0.0506432,0.368168
GENE00273,7093.56,0.545179,0.279683,1.94927,0.0512626,0.371933
GENE01082,160.541,0.870228,0.447309,1.94547,0.0517181,0.374497
GENE02407,79.4133,-1.03168,0.530539,-1.94459,0.0518243,0.374525
GENE02436,1708.14,0.60317,0.310489,1.94264,0.0520594,0.375484
GENE02415,2740.28,-0.576871,0.297758,-1.93739,0.0526983,0.379345
GENE00802,55.0112,-1.13653,0.587066,-1.93595,0.0528732,0.379858
GENE00321,206.087,0.82022,0.424146,1.93381,0.053136,0.380998
GENE03647,435.013,-0.71469,0.369864,-1.93231,0.0533218,0.381584
GENE03794,439.064,0.712152,0.36931,1.92833,0.0538137,0.383837
GENE02124,212.487,0.81269,0.421504,1.92807,0.0538461,0.383837
GENE03811,16.2802,-1.67654,0.869598,-1.92794,0.0538622,
GENE02490,1024.05,0.631707,0.328123,1.92521,0.0542027,0.385629
GENE02427,6.92758,-2.29505,1.19984,-1.9128,0.0557738,
GENE03184,1803.33,0.590773,0.308871,1.91268,0.0557884,0.396141
GENE01572,396.693,-0.71548,0.37552,-1.9053,0.0567406,0.402123
GENE02818,253.664,0.77465,0.406968,1.90347,0.0569796,0.403037
GENE02757,5140.47,0.541734,0.284869,1.9017,0.0572108,0.403893
GENE01850,46.0643,1.17356,0.618347,1.89789,0.05771,0.406634
GENE01827,1677.06,-0.589262,0.311047,-1.89445,0.0581658,0.409059
GENE03877,1061.04,-0.617651,0.326749,-1.89029,0.0587192,0.412159
GENE01328,2064.51,-0.576169,0.305021,-1.88895,0.0588989,0.41263
GENE03725,409.001,0.705313,0.373617,1.8878,0.059053,0.41292
GENE00431,106.103,0.92902,0.492703,1.88556,0.0593547,0.413831
GENE01387,203.525,0.801367,0.425239,1.88451,0.0594961,0.413831
GENE00278,161.594,0.841303,0.446665,1.88352,0.0596298,0.413831
GENE03002,619.356,0.659862,0.350455,1.88287,0.0597175,0.413831
GENE03409,989.093,0.620317,0.329492,1.88265,0.0597479,0.413831
GENE01211,690.169,-0.649378,0.345162,-1.88137,0.0599213,0.414033
GENE03155,452.261,0.69095,0.367556,1.87985,0.0601285,0.414033
GENE00709,1059.51,-0.614026,0.326805,-1.87888,0.0602614,0.414033
GENE02848,84.3434,-0.98112,0.522217,-1.87876,0.0602773,0.414033
GENE01270,1794.21,-0.580429,0.309021,-1.87829,0.0603422,0.414033
GENE02453,50.6051,1.12729,0.601433,1.87435,0.0608827,0.415783
GENE00550,210.708,0.791308,0.422226,1.87413,0.0609122,0.415783
GENE00788,26.082,-1.38587,0.739519,-1.87402,0.0609283,
GENE00376,257.761,-0.76029,0.405715,-1.87395,0.0609376,0.415783
GENE02218,238.275,-0.770822,0.411957,-1.87112,0.0613284,0.417133
GENE02336,1708.07,-0.580665,0.31049,-1.87015,0.0614623,0.417133
GENE01096,6456.52,0.525695,0.281113,1.87005,0.0614771,0.417133
GENE02299,1308.25,0.595535,0.319119,1.86619,0.0620152,0.420007
GENE00661,2875.42,-0.552732,0.296622,-1.86342,0.0624028,0.421346
GENE00041,1595.54,-0.582332,0.312587,-1.86294,0.0624705,0.421346
GENE02261,332.97,0.720728,0.387005,1.86232,0.0625579,0.421346
GENE01019,735.557,-0.636956,0.342179,-1.86147,0.0626777,0.421378
GENE02341,43.1238,-1.17141,0.630699,-1.85731,0.0632666,0.422659
GENE03160,983.257,0.612345,0.329727,1.85713,0.063293,0.422659
GENE03621,524.977,-0.666758,0.359111,-1.85669,0.0633552,0.422659
GENE03746,575.194,0.657545,0.35424,1.85622,0.0634227,0.422659
GENE03079,1981.73,0.568249,0.306159,1.85606,0.063445,0.422659
GENE00606,635.222,-0.646684,0.349192,-1.85194,0.0640338,0.425807
GENE00964,771.024,0.629431,0.340034,1.85108,0.0641574,0.425857
GENE01719,1503.36,0.5814,0.314477,1.84878,0.0644893,0.427215
GENE03756,635.274,0.645317,0.349188,1.84805,0.0645953,0.427215
GENE01601,974.059,-0.608926,0.330103,-1.84466,0.0650874,0.427661
GENE02973,15.848,1.61748,0.87799,1.84225,0.0654386,
GENE02254,106.723,0.905529,0.491997,1.84052,0.0656925,0.427661
GENE03104,865.514,-0.616496,0.334977,-1.84041,0.0657078,0.427661
GENE02166,1370.97,0.584216,0.317519,1.83994,0.0657773,0.427661
GENE02897,94.8869,-0.932026,0.506647,-1.8396,0.0658276,0.427661
GENE02565,228.303,0.764188,0.415457,1.83939,0.0658575,0.427661
GENE02135,250.553,0.750354,0.407939,1.83938,0.06586,0.427661
GENE01514,127.736,-0.866344,0.471199,-1.83859,0.0659749,0.427661
GENE00932,653.035,0.639412,0.34783,1.83829,0.06602,0.427661
GENE02452,572.16,0.651652,0.354516,1.83815,0.0660405,0.427661
GENE03857,168.64,-0.813327,0.442513,-1.83797,0.0660661,0.427661
GENE01684,104.082,-0.909507,0.495048,-1.83721,0.0661789,0.427661
GENE01458,1312.09,-0.586099,0.319017,-1.8372,0.06618,0.427661
GENE03739,24575.5,-0.488301,0.265947,-1.83608,0.0663456,0.427976
GENE00110,291.025,-0.727754,0.396546,-1.83523,0.0664713,0.428033
GENE01244,394.171,-0.689197,0.375921,-1.83336,0.0667494,0.42907
GENE01246,115.015,-0.884059,0.483111,-1.82993,0.0672604,0.431597
GENE01818,81.1927,-0.964506,0.527448,-1.82863,0.0674553,0.431887
GENE00959,215.271,-0.768437,0.420391,-1.82791,0.0675632,0.431887
GENE03677,300.255,-0.719891,0.394276,-1.82585,0.0678723,0.431887
GENE00970,91.4535,0.93372,0.511421,1.82574,0.0678897,0.431887
GENE03007,63.0628,1.03078,0.564814,1.82498,0.0680033,0.431887
GENE01259,147.782,-0.831386,0.45565,-1.82461,0.0680592,0.431887
GENE00217,1199.93,-0.587598,0.322171,-1.82387,0.0681716,0.431887
GENE00016,80.904,0.96263,0.527943,1.82336,0.0682486,0.431887
GENE02705,5676.98,-0.515964,0.28318,-1.82203,0.0684502,0.432416
GENE03211,5.77844,-2.34963,1.29,-1.82142,0.0685435,
GENE01901,517.38,-0.655347,0.359909,-1.82087,0.0686272,0.432789
GENE01207,1021.37,0.595485,0.328226,1.81425,0.0696385,0.438411
GENE03139,1574.21,0.566771,0.31301,1.81071,0.0701855,0.441097
GENE00047,170.516,-0.79722,0.441451,-1.80591,0.0709328,0.44503
GENE00073,55.212,1.05837,0.586452,1.8047,0.0711213,0.44545
GENE00670,44.8205,1.12433,0.623424,1.80347,0.0713145,0.44586
GENE00043,71.3041,-0.984404,0.546062,-1.80273,0.0714301,0.44586
GENE02787,4.9924,-2.46501,1.36889,-1.80074,0.0717434,
GENE03669,664.771,0.624185,0.346963,1.799,0.072019,0.448772
GENE02201,778.197,0.610219,0.339618,1.79678,0.0723706,0.449424
GENE03374,31.4,-1.24977,0.696144,-1.79527,0.0726102,
GENE01886,257.553,0.728414,0.405778,1.7951,0.0726371,0.449424
GENE03670,80.8581,-0.9478,0.528021,-1.795,0.0726532,0.449424
GENE00352,171.7,0.791025,0.44079,1.79456,0.0727233,0.449424
GENE03855,614.827,0.629489,0.350824,1.79432,0.0727628,0.449424
GENE01342,1773.45,-0.554619,0.309365,-1.79277,0.0730102,0.449424
GENE01549,535.49,0.641739,0.358035,1.79239,0.0730702,0.449424
GENE00609,138.139,-0.829252,0.462707,-1.79217,0.0731049,0.449424
GENE03427,8.98646,-1.94141,1.08396,-1.79104,0.0732874,
GENE03484,1886.55,-0.550428,0.307558,-1.78967,0.0735063,0.451134
GENE01260,1814.7,-0.551576,0.308686,-1.78685,0.0739621,0.451978
GENE00560,299.439,-0.70479,0.394473,-1.78666,0.0739917,0.451978
GENE03445,1018.75,-0.586563,0.328326,-1.78653,0.0740138,0.451978
GENE02931,363.595,-0.679561,0.381109,-1.78312,0.0745675,0.454601
GENE00295,2340.07,-0.537677,0.30168,-1.78227,0.0747045,0.45468
GENE02723,4371.04,-0.512636,0.287814,-1.78114,0.0748897,0.454681
GENE03446,656.134,-0.618987,0.347599,-1.78075,0.0749529,0.454681
GENE00750,1283.06,-0.568488,0.319794,-1.77767,0.0754581,0.456989
GENE02522,16.6862,1.5298,0.862014,1.77469,0.0759499,
GENE02104,412.327,0.661201,0.373117,1.7721,0.0763781,0.46162
GENE01815,837.21,0.595622,0.336402,1.77057,0.0766326,0.46162
GENE03861,650.279,-0.615955,0.348037,-1.7698,0.076761,0.46162
GENE02790,1132.77,0.573788,0.32428,1.76942,0.0768233,0.46162
GENE02684,165.588,0.785835,0.444279,1.76879,0.0769294,0.46162
GENE02057,553.827,-0.629992,0.356231,-1.76849,0.0769787,0.46162
GENE01671,271.232,0.709319,0.401799,1.76536,0.0775039,0.46401
GENE01426,2187.25,-0.535128,0.303455,-1.76345,0.0778245,0.46517
GENE00502,28.4968,1.26666,0.718319,1.76336,0.0778397,
GENE02458,514.149,0.633921,0.360254,1.75965,0.0784673,0.467564
GENE01192,410.031,-0.656747,0.373461,-1.75854,0.0786556,0.467564
GENE00355,227.878,0.730817,0.415611,1.75842,0.0786768,0.467564
GENE01552,33.3734,-1.20033,0.682753,-1.75807,0.0787355,0.467564
GENE01555,5448.18,-0.498684,0.28387,-1.75673,0.0789632,0.468157
GENE02683,24.5742,1.32433,0.754313,1.75567,0.0791441,
GENE03050,17.2049,1.49457,0.852718,1.75271,0.0796521,
GENE00412,6165.9,0.493774,0.281838,1.75198,0.0797774,0.471609
GENE01540,477.165,-0.638189,0.364447,-1.75112,0.079926,0.471609
GENE03402,92.7912,-0.892229,0.509529,-1.75108,0.0799316,0.471609
GENE02402,148.905,-0.794762,0.454873,-1.74722,0.0805996,0.474786
GENE02379,897.722,0.581966,0.333439,1.74535,0.0809248,0.475937
GENE03593,2221.9,0.528271,0.303037,1.74326,0.0812885,0.477281
GENE02034,59.5119,1.00034,0.574069,1.74254,0.0814139,0.477281
GENE01630,139.758,-0.803586,0.461471,-1.74136,0.081621,0.477731
GENE00930,239.766,0.716038,0.411453,1.74027,0.0818122,0.478086
GENE01224,221.98,0.725939,0.417797,1.73754,0.0822915,0.480121
GENE03053,942.887,-0.575551,0.331416,-1.73664,0.0824504,0.480283
GENE02078,53.1471,-1.02858,0.592926,-1.73476,0.0827842,0.481462
GENE01422,369.235,0.658918,0.380103,1.73352,0.0830027,0.481968
GENE00108,112.406,0.841241,0.485801,1.73166,0.0833347,0.482683
GENE03909,3118.26,0.510342,0.29477,1.73132,0.0833939,0.482683
GENE03750,224.98,0.721057,0.416674,1.73051,0.0835398,0.482683
GENE01543,8042.9,0.480691,0.277876,1.72987,0.0836528,0.482683
GENE00242,941.799,-0.572343,0.331463,-1.72672,0.0842183,0.484767
GENE03253,210.987,-0.728728,0.422112,-1.72638,0.0842785,0.484767
GENE01909,2178.64,-0.523748,0.303561,-1.72535,0.0844651,0.485078
GENE01999,1897.09,0.530139,0.307398,1.7246,0.0845994,0.485089
GENE03882,184.673,-0.74763,0.433967,-1.72278,0.0849278,0.486211
GENE01819,8237.24,-0.477756,0.277545,-1.72136,0.0851851,0.486924
GENE01570,4873.1,-0.491465,0.285813,-1.71954,0.0855168,0.488059
GENE01166,15.6206,1.51696,0.882545,1.71884,0.0856426,
GENE01883,2644.73,-0.512957,0.298613,-1.7178,0.0858327,0.488387
GENE02258,164.538,-0.763655,0.444898,-1.71647,0.0860754,0.488387
GENE03205,287.942,0.681986,0.397329,1.71643,0.0860838,0.488387
GENE03762,74.1024,-0.927519,0.540418,-1.7163,0.0861075,0.488387
GENE03583,714.133,-0.588666,0.343551,-1.71347,0.0866255,0.490565
GENE02354,57.6827,-0.9905,0.579168,-1.71021,0.0872266,0.493207
GENE01066,176.053,-0.748572,0.438416,-1.70744,0.0877395,0.495343
GENE01152,18.7184,-1.41309,0.827838,-1.70697,0.0878276,
GENE02733,126.454,-0.805237,0.472317,-1.70487,0.0882196,0.497287
GENE03258,25.1292,-1.27517,0.748713,-1.70315,0.0885407,
GENE03838,141.07,0.783406,0.460486,1.70126,0.0888943,0.50032
GENE01138,556.472,-0.604977,0.355979,-1.69948,0.0892294,0.500368
GENE01222,439.441,0.627506,0.369259,1.69937,0.0892499,0.500368
GENE02064,238.428,-0.699842,0.411906,-1.69904,0.0893123,0.500368
GENE02610,1284.7,0.542222,0.319749,1.69577,0.0899291,0.502814
GENE01279,749.656,-0.578435,0.341308,-1.69476,0.0901212,0.502814
GENE03772,688.457,0.584973,0.34528,1.6942,0.0902275,0.502814
GENE02743,9536.57,0.466819,0.2756,1.69383,0.0902979,0.502814
GENE03327,51.4968,-1.01311,0.598377,-1.6931,0.0904366,0.502822
GENE01475,221.9,-0.706128,0.417827,-1.69,0.0910276,0.505341
GENE00745,148.36,-0.768329,0.455249,-1.68771,0.0914668,0.507011
GENE00254,305.772,0.662725,0.392969,1.68646,0.0917077,0.507406
GENE00961,1051.32,-0.551217,0.327103,-1.68515,0.0919603,0.507406
GENE01098,3411.14,0.493341,0.292805,1.68488,0.0920111,0.507406
GENE00476,486.408,-0.612058,0.363355,-1.68446,0.092092,0.507406
GENE01177,1201.44,-0.542184,0.322126,-1.68314,0.092347,0.508047
GENE01832,172.343,0.740925,0.440434,1.68226,0.0925178,0.508203
GENE02877,1096.02,-0.547375,0.325515,-1.68157,0.0926527,0.508203
GENE00241,205.315,-0.712871,0.424474,-1.67942,0.0930695,0.509151
GENE00624,662.269,0.582944,0.347145,1.67925,0.0931034,0.509151
GENE00792,4057.61,0.485188,0.289247,1.67742,0.0934605,0.510342
GENE02116,21.0352,-1.3329,0.795089,-1.67641,0.0936573,
GENE00297,36.5514,-1.11076,0.663512,-1.67406,0.0941183,0.513079
GENE00046,1013.63,0.549762,0.328524,1.67343,0.0942419,0.513079
GENE02602,16583.1,0.448558,0.269414,1.66494,0.0959242,0.521463
GENE00272,35.8144,1.11121,0.667745,1.66412,0.0960892,0.521587
GENE03638,94.87,-0.842404,0.50667,-1.66263,0.0963868,0.522428
GENE01944,10.3286,1.70755,1.02789,1.66121,0.0966705,
GENE00631,70.4922,0.909813,0.547762,1.66096,0.0967209,0.523327
GENE02221,270.807,0.667337,0.401918,1.66038,0.0968383,0.523327
GENE02441,3024.75,0.490226,0.295456,1.65922,0.0970723,0.523819
GENE00936,1316.99,-0.526424,0.318889,-1.65081,0.0987779,0.526877
GENE00302,92.6794,-0.841079,0.509686,-1.65019,0.0989041,0.526877
GENE03049,872.232,-0.551911,0.334649,-1.64922,0.0991022,0.526877
GENE03339,288.608,0.654339,0.397159,1.64755,0.0994447,0.526877
GENE01882,59.2122,-0.947135,0.574889,-1.64751,0.0994531,0.526877
GENE03321,161.131,0.736149,0.446947,1.64706,0.0995455,0.526877
GENE01014,1456.07,-0.519621,0.315516,-1.64689,0.0995801,0.526877
GENE03248,221.449,-0.688122,0.417998,-1.64623,0.0997155,0.526877
GENE03520,729.54,0.563853,0.342558,1.64601,0.0997627,0.526877
GENE01383,329.312,-0.638253,0.387764,-1.64598,0.0997671,0.526877
GENE00442,111.215,0.801566,0.48706,1.64572,0.0998209,0.526877
GENE01276,59.5092,-0.944736,0.574077,-1.64566,0.0998337,0.526877
GENE02351,209.393,0.695579,0.422766,1.6453,0.0999073,0.526877
GENE02802,2543.92,-0.492183,0.299567,-1.64298,0.100386,0.526877
GENE03348,1172,-0.530452,0.323026,-1.64214,0.100562,0.526877
GENE01726,62.1813,-0.931145,0.567037,-1.64212,0.100564,0.526877
GENE00463,173.222,-0.722309,0.43995,-1.6418,0.100632,0.526877
GENE01245,2441.75,-0.493329,0.300593,-1.64119,0.100759,0.526877
GENE00635,1525.23,-0.515346,0.314014,-1.64116,0.100765,0.526877
GENE01674,86.9053,0.850275,0.518174,1.64091,0.100817,0.526877
GENE00403,452.432,-0.603065,0.367534,-1.64084,0.10083,0.526877
GENE01853,3231.23,-0.482234,0.29398,-1.64036,0.10093,0.526877
GENE00253,36.3551,1.09018,0.664627,1.64028,0.100946,0.526877
GENE00045,139.825,0.756511,0.461421,1.63952,0.101104,0.52695
GENE01591,189.745,-0.707119,0.431491,-1.63878,0.101259,0.527008
GENE01695,103.878,-0.810165,0.495289,-1.63574,0.101893,0.528896
GENE00760,14584.8,-0.442685,0.270701,-1.63533,0.10198,0.528896
GENE01213,16.3425,-1.42002,0.868416,-1.63519,0.10201,
GENE01678,2089.71,-0.498115,0.304689,-1.63483,0.102084,0.528896
GENE02092,249.798,0.667078,0.408178,1.63428,0.102199,0.528896
GENE01512,272.65,-0.6553,0.401404,-1.63252,0.10257,0.530067
GENE00926,1264.65,0.522177,0.3203,1.63028,0.103043,0.531348
GENE02250,3502.51,-0.47628,0.292243,-1.62974,0.103156,0.531348
GENE02756,1612.83,-0.508745,0.312251,-1.62928,0.103253,0.531348
GENE01491,35.3581,-1.09064,0.670432,-1.62678,0.103785,0.533048
GENE02430,621.858,0.569628,0.350252,1.62634,0.103878,0.533048
GENE03214,811.963,-0.54891,0.337735,-1.62527,0.104105,0.533048
GENE00371,8723.42,0.449742,0.276767,1.62499,0.104166,0.533048
GENE03546,15867.6,0.438238,0.269847,1.62403,0.10437,0.533349
GENE00979,25.4844,1.20914,0.745225,1.62251,0.104693,
GENE03869,160.037,-0.726115,0.44762,-1.62217,0.104767,0.534633
GENE03168,209.644,0.685037,0.422663,1.62076,0.105068,0.535424
GENE01462,28.5601,1.16291,0.7178,1.62011,0.105209,
GENE01502,108.473,-0.793579,0.490038,-1.61942,0.105356,0.536146
GENE01118,30.4284,1.13866,0.703211,1.61923,0.105397,
GENE01117,562.982,0.574592,0.355364,1.61691,0.105898,0.537318
GENE03439,195.51,-0.693243,0.428795,-1.61672,0.105938,0.537318
GENE02741,58.9664,-0.930294,0.575565,-1.61631,0.106027,0.537318
GENE02734,803.761,-0.545831,0.338181,-1.61402,0.106523,0.538641
GENE00401,161.813,0.720592,0.446532,1.61375,0.106581,0.538641
GENE00725,27.7665,-1.16766,0.724438,-1.61181,0.107004,
GENE02814,171.611,-0.710454,0.440839,-1.61159,0.10705,0.540265
GENE03303,36.7663,-1.06633,0.662301,-1.61003,0.107391,0.540932
GENE01002,47.2969,0.987536,0.613516,1.60963,0.107478,0.540932
GENE02798,16223.5,-0.433095,0.269628,-1.60627,0.108214,0.543891
GENE03770,496.277,0.581515,0.362222,1.60541,0.108404,0.544097
GENE02621,5358.35,-0.455807,0.284153,-1.60409,0.108694,0.544416
GENE03556,157.574,-0.720347,0.449158,-1.60377,0.108764,0.544416
GENE00464,1046.15,-0.524321,0.327294,-1.60199,0.109158,0.545641
GENE00832,7298.15,-0.446803,0.279264,-1.59993,0.109614,0.547172
GENE02422,280.8,0.636754,0.399191,1.59511,0.110687,0.551581
GENE01063,221.989,0.666196,0.417793,1.59456,0.110811,0.551581
GENE01835,66.4462,0.886654,0.556694,1.59271,0.111224,0.551581
GENE01809,811.916,0.537718,0.337737,1.59212,0.111358,0.551581
GENE01494,107.101,-0.782332,0.49157,-1.5915,0.111498,0.551581
GENE02965,131.919,0.744243,0.467664,1.59141,0.111518,0.551581
GENE00410,89.3648,0.818638,0.514458,1.59126,0.111551,0.551581
GENE00817,121.522,0.758011,0.476784,1.58984,0.11187,0.552416
GENE03502,22.2035,1.24053,0.780554,1.5893,0.111993,
GENE02431,3090.97,0.467842,0.294967,1.58608,0.11272,0.555865
GENE03580,79.23,0.8406,0.530863,1.58346,0.113317,0.558057
GENE02344,137.759,0.732026,0.463,1.58105,0.113867,0.560011
GENE03172,155.665,-0.711149,0.450376,-1.57901,0.114333,0.56153
GENE02886,39.7171,1.02071,0.64669,1.57836,0.114482,0.56153
GENE01474,30.8463,-1.10335,0.700131,-1.57592,0.115043,
GENE02758,76.8821,-0.841463,0.53512,-1.57248,0.11584,0.566485
GENE03503,243.166,0.644865,0.41032,1.57161,0.11604,0.566485
GENE00556,7726.25,-0.437534,0.278442,-1.57137,0.116098,0.566485
GENE01867,1698.93,-0.487849,0.310653,-1.5704,0.116322,0.566485
GENE01080,3056.89,0.463489,0.295217,1.57,0.116416,0.566485
GENE01075,433.076,0.581099,0.370132,1.56998,0.11642,0.566485
GENE01981,13.7323,-1.45116,0.924635,-1.56944,0.116546,
GENE00874,315.13,-0.61302,0.39083,-1.56851,0.116763,0.56709
GENE02784,228.623,-0.651303,0.415341,-1.56812,0.116854,0.56709
GENE01847,160.645,-0.700858,0.447245,-1.56706,0.117101,0.56754
GENE00257,18.9683,-1.29051,0.824019,-1.56611,0.117322,
GENE01352,3602.87,-0.455843,0.29165,-1.56298,0.118057,0.571415
GENE00124,335.82,-0.603709,0.386423,-1.5623,0.118217,0.571432
GENE03406,1025.93,0.511949,0.328051,1.56058,0.118624,0.572646
GENE02348,207.368,0.659178,0.423608,1.5561,0.119683,0.576485
GENE01991,419.586,-0.578718,0.372048,-1.55549,0.119828,0.576485
GENE00477,1046.57,0.508872,0.327278,1.55486,0.119979,0.576485
GENE02481,382.525,0.587353,0.377823,1.55457,0.120049,0.576485
GENE00430,137.388,-0.719016,0.463288,-1.55199,0.120666,0.578387
GENE01547,81.7725,-0.816854,0.526463,-1.55159,0.12076,0.578387
GENE02026,230.11,-0.642918,0.414806,-1.54992,0.12116,0.579541
GENE02930,83.5255,-0.811006,0.523546,-1.54906,0.121366,0.579773
GENE00378,668.159,-0.536451,0.346716,-1.54723,0.121807,0.58061
GENE02085,1755.44,0.479064,0.309669,1.54702,0.121858,0.58061
GENE03533,592.793,-0.544938,0.352681,-1.54513,0.122315,0.582027
GENE03413,782.474,0.523919,0.339373,1.54379,0.12264,0.582109
GENE03213,1176.82,-0.498439,0.322876,-1.54375,0.12265,0.582109
GENE02540,324.356,0.599736,0.388813,1.54248,0.122957,0.582669
GENE01044,140.414,0.710554,0.460977,1.54141,0.123217,0.582669
GENE03342,937.627,0.511162,0.331644,1.5413,0.123245,0.582669
GENE01508,271.719,0.618424,0.401663,1.53966,0.123643,0.583561
GENE03343,155.345,-0.693542,0.450582,-1.53921,0.123752,0.583561
GENE00859,22.5019,-1.19588,0.777024,-1.53905,0.123792,
GENE01397,699.3,-0.529843,0.344538,-1.53783,0.124089,0.5844
GENE02598,380.131,-0.581171,0.378225,-1.53657,0.124398,0.5851
GENE02050,583.385,0.542532,0.353505,1.53472,0.124852,0.586486
GENE02682,28.1394,-1.10649,0.721284,-1.53406,0.125015,
GENE00876,673.559,-0.529814,0.346328,-1.5298,0.126065,0.590579
GENE02889,722.334,0.524597,0.343019,1.52935,0.126177,0.590579
GENE02459,192.485,-0.657867,0.430195,-1.52923,0.126207,0.590579
GENE00327,23.3419,1.17265,0.767454,1.52797,0.12652,
GENE01365,600.53,0.537689,0.352017,1.52745,0.126649,0.590624
GENE01544,71.7327,0.832694,0.545176,1.52739,0.126665,0.590624
GENE00368,335.871,-0.589934,0.386412,-1.5267,0.126837,0.590624
GENE00209,253.693,-0.621262,0.406959,-1.5266,0.126862,0.590624
GENE03274,561.732,-0.542048,0.355481,-1.52483,0.127302,0.591922
GENE03906,260.277,0.616794,0.404961,1.52309,0.127735,0.592459
GENE00548,107.992,0.747175,0.490571,1.52307,0.127741,0.592459
GENE03448,422.368,0.564946,0.371645,1.52012,0.12848,0.595038
GENE00258,2.06887,3.02168,1.9881,1.51989,0.12854,
GENE01218,504.351,0.548875,0.36132,1.51908,0.128741,0.595038
GENE00880,1322.59,-0.483975,0.318743,-1.51839,0.128917,0.595038
GENE00875,52.8473,0.901696,0.593897,1.51827,0.128947,0.595038
GENE02696,1303.69,-0.483394,0.319239,-1.51421,0.129974,0.59803
GENE02698,1642.27,-0.471694,0.31169,-1.51334,0.130193,0.59803
GENE03196,52.9281,0.898299,0.593634,1.51322,0.130224,0.59803
GENE00534,1247.93,0.485288,0.320769,1.51289,0.130308,0.59803
GENE02566,550.8,0.539235,0.356523,1.51248,0.130411,0.59803
GENE01346,1913.98,0.463197,0.307144,1.50808,0.131535,0.601862
GENE00139,732.844,0.516235,0.342349,1.50792,0.131575,0.601862
GENE03666,325.708,-0.585597,0.388524,-1.50723,0.131751,0.601913
GENE01050,55.4807,-0.881231,0.585636,-1.50474,0.132391,0.603492
GENE00305,2047.66,-0.459277,0.305247,-1.50461,0.132426,0.603492
GENE03863,102.403,-0.74668,0.497049,-1.50223,0.133038,0.604556
GENE00188,70.3459,-0.823296,0.548072,-1.50217,0.133054,0.604556
GENE01278,632.81,-0.524553,0.349381,-1.50138,0.133258,0.604556
GENE03651,245.569,0.614536,0.409534,1.50057,0.133466,0.604556
GENE02440,189.048,0.647955,0.431825,1.5005,0.133484,0.604556
GENE02215,292.665,-0.593796,0.396135,-1.49897,0.133881,0.605604
GENE00187,3.70914,-2.31988,1.54809,-1.49855,0.133991,
GENE02846,199.007,0.639862,0.427217,1.49774,0.1342,0.606299
GENE00240,854.143,-0.50214,0.335541,-1.49651,0.134522,0.607004
GENE02239,314.626,0.584655,0.390943,1.4955,0.134784,0.607438
GENE00204,1265.86,0.477102,0.320266,1.4897,0.136302,0.613527
GENE01202,15.336,-1.32325,0.888387,-1.48949,0.136357,
GENE00286,33.0764,-1.01946,0.684691,-1.48893,0.136506,0.613693
GENE03422,20.8315,-1.18688,0.797747,-1.48779,0.136806,
GENE03006,219.277,0.623125,0.418828,1.48778,0.136808,0.614272
GENE00011,740.495,0.50842,0.341871,1.48717,0.136971,0.614272
GENE02309,984.67,0.489875,0.32967,1.48596,0.137291,0.614955
GENE02641,3548.48,-0.433053,0.291968,-1.48322,0.138016,0.617252
GENE00481,526.523,0.532069,0.358951,1.48229,0.138263,0.617252
GENE02313,185.881,-0.642268,0.433368,-1.48204,0.13833,0.617252
GENE02041,144.104,-0.678902,0.458258,-1.48148,0.138477,0.617252
GENE02496,674.757,0.511845,0.346242,1.47828,0.139332,0.620305
GENE02831,280.989,-0.589303,0.39914,-1.47643,0.139829,0.621762
GENE03648,22.6926,-1.14239,0.774805,-1.47443,0.140366,
GENE02340,241.257,-0.605448,0.410953,-1.47328,0.140676,0.624774
GENE01469,1195.42,-0.474523,0.322307,-1.47227,0.140948,0.625221
GENE00316,312.018,0.575774,0.39153,1.47057,0.141406,0.625967
GENE01952,122.401,-0.699845,0.475968,-1.47036,0.141464,0.625967
GENE00118,1466.76,0.46338,0.315277,1.46975,0.141628,0.625967
GENE01272,164.056,-0.653975,0.445184,-1.469,0.141833,0.626116
GENE01473,60.2327,0.839498,0.572125,1.46733,0.142285,0.627349
GENE02400,406.474,-0.548508,0.374001,-1.4666,0.142486,0.627349
GENE02091,96.7127,-0.739218,0.504213,-1.46608,0.142626,0.627349
GENE02204,1505.17,-0.46052,0.314439,-1.46458,0.143036,0.628397
GENE03254,779.671,0.496616,0.339533,1.46264,0.143565,0.629364
GENE00338,400.342,0.548366,0.374947,1.46252,0.143599,0.629364
GENE00726,439.851,0.539469,0.369203,1.46117,0.143968,0.630227
GENE03017,466.327,0.533518,0.36577,1.45862,0.144671,0.632205
GENE02098,169.169,-0.644656,0.442212,-1.4578,0.144896,0.632205
GENE03178,1562.5,-0.456602,0.313246,-1.45765,0.144938,0.632205
GENE02153,1112.9,-0.472991,0.32494,-1.45563,0.145495,0.632485
GENE00567,73.6536,0.787718,0.541302,1.45523,0.145606,0.632485
GENE01406,797.499,-0.492623,0.338527,-1.4552,0.145615,0.632485
GENE02525,3283.46,-0.427072,0.293629,-1.45446,0.145818,0.632485
GENE01646,52.8704,-0.863591,0.593822,-1.45429,0.145865,0.632485
GENE03473,351.543,-0.556802,0.383337,-1.45251,0.146359,0.633878
GENE03884,225.577,0.603284,0.416453,1.44862,0.147443,0.637342
GENE01372,204.433,-0.615349,0.42485,-1.44839,0.147507,0.637342
GENE03314,564.825,-0.512832,0.355192,-1.44382,0.148791,0.642046
GENE01870,32.8929,-0.989938,0.685902,-1.44326,0.148946,0.642046
GENE03099,162.939,-0.642577,0.445852,-1.44123,0.149519,0.643757
GENE00465,324.851,0.558666,0.388707,1.43724,0.150649,0.647436
GENE00503,938.853,-0.476486,0.331591,-1.43697,0.150727,0.647436
GENE01354,7069.95,0.401386,0.279733,1.43489,0.151318,0.648594
GENE00931,63.017,-0.809966,0.564928,-1.43375,0.151644,0.648594
GENE00908,35.7288,-0.957625,0.668245,-1.43304,0.151845,0.648594
GENE02502,43.0743,0.903817,0.630918,1.43254,0.151988,0.648594
GENE02552,260.861,0.579499,0.404787,1.43161,0.152254,0.648594
GENE00300,81.8773,0.753244,0.526286,1.43125,0.15236,0.648594
GENE02249,47.33,0.877841,0.613389,1.43113,0.152392,0.648594
GENE02755,113.736,0.692505,0.484418,1.42956,0.152843,0.648594
GENE02002,2868.8,0.424066,0.296676,1.42939,0.152891,0.648594
GENE01837,814.896,-0.482469,0.337577,-1.42921,0.152943,0.648594
GENE01730,106.305,-0.703713,0.492473,-1.42894,0.153022,0.648594
GENE02673,2362.87,-0.43049,0.30143,-1.42816,0.153247,0.648594
GENE00499,2223.98,0.432695,0.303012,1.42798,0.153298,0.648594
GENE00369,312.628,-0.558326,0.391392,-1.42651,0.15372,0.64901
GENE03788,238.44,0.587403,0.411901,1.42608,0.153846,0.64901
GENE00460,101.505,0.710246,0.49814,1.4258,0.153927,0.64901
GENE01295,160.431,-0.636944,0.447376,-1.42373,0.154524,0.650777
GENE03344,687.624,-0.490855,0.345338,-1.42138,0.155207,0.651941
GENE02645,807.846,0.480319,0.337958,1.42124,0.155248,0.651941
GENE03810,117.432,-0.682782,0.480699,-1.42039,0.155493,0.651941
GENE00184,169.181,0.627911,0.442205,1.41996,0.155621,0.651941
GENE03115,239.743,-0.584158,0.411461,-1.41972,0.15569,0.651941
GENE00398,69.8035,-0.778868,0.549227,-1.41811,0.156157,0.652774
GENE00322,2085.12,-0.431747,0.304749,-1.41673,0.156562,0.652774
GENE00729,664.61,0.491411,0.346974,1.41627,0.156695,0.652774
GENE00789,105.209,-0.698833,0.493732,-1.41541,0.156949,0.652774
GENE02411,373.081,-0.536831,0.379431,-1.41483,0.157118,0.652774
GENE02584,48.0586,-0.863747,0.610624,-1.41453,0.157206,0.652774
GENE02924,119.552,0.676552,0.478645,1.41347,0.157516,0.652774
GENE00751,483.607,0.51359,0.363683,1.41219,0.157893,0.652774
GENE01775,2269.76,-0.427092,0.302475,-1.41199,0.157952,0.652774
GENE00730,702.271,-0.485988,0.344338,-1.41137,0.158136,0.652774
GENE02495,197.183,0.603831,0.428035,1.4107,0.158332,0.652774
GENE03907,61.8428,-0.800225,0.567903,-1.40909,0.15881,0.652774
GENE00213,1001.17,0.463257,0.329011,1.40803,0.159122,0.652774
GENE03140,113.836,0.681673,0.484315,1.4075,0.15928,0.652774
GENE02106,921.762,0.467754,0.332344,1.40744,0.159297,0.652774
GENE01168,1872.69,0.433072,0.307771,1.40713,0.15939,0.652774
GENE03543,272.896,0.564638,0.401336,1.4069,0.159458,0.652774
GENE00231,2064.95,0.429058,0.305016,1.40667,0.159524,0.652774
GENE00934,3186.49,-0.413812,0.294288,-1.40615,0.15968,0.652774
GENE00741,104.16,0.695847,0.494956,1.40588,0.159761,0.652774
GENE02615,1423.06,-0.444579,0.316272,-1.40569,0.159817,0.652774
GENE03072,990.752,-0.462932,0.329425,-1.40527,0.159941,0.652774
GENE03837,618.038,-0.49258,0.350562,-1.40512,0.159987,0.652774
GENE00185,475.132,0.511884,0.364692,1.40361,0.160436,0.653879
GENE02517,688.349,-0.484334,0.345287,-1.4027,0.160707,0.654257
GENE01302,12.6533,-1.33494,0.952811,-1.40105,0.161199,
GENE00096,57.4229,0.81215,0.579912,1.40047,0.161372,0.655702
GENE01727,121.854,-0.667114,0.476475,-1.4001,0.161483,0.655702
GENE03232,282.276,-0.557948,0.3988,-1.39907,0.161793,0.655702
GENE02074,273.396,0.561052,0.401197,1.39844,0.16198,0.655702
GENE03611,38.2596,-0.914815,0.654175,-1.39843,0.161985,0.655702
GENE03466,446.399,-0.514693,0.368326,-1.39739,0.162297,0.655702
GENE00333,71.142,0.763499,0.546399,1.39733,0.162315,0.655702
GENE00149,110.677,0.681066,0.487636,1.39667,0.162513,0.655778
GENE03808,285.328,-0.555121,0.398002,-1.39477,0.163085,0.657366
GENE00663,336.25,-0.537816,0.386336,-1.3921,0.163893,0.659895
GENE03562,108.182,0.681869,0.490361,1.39055,0.164363,0.661061
GENE03055,45.0451,0.864855,0.622491,1.38935,0.164728,0.661254
GENE02356,1471.89,0.437825,0.315163,1.3892,0.164772,0.661254
GENE00167,1066.71,-0.45337,0.326545,-1.38838,0.16502,0.661525
GENE03470,145.802,-0.634261,0.457042,-1.38775,0.165212,0.661571
GENE02568,35.7539,-0.926228,0.668098,-1.38636,0.165635,0.662134
GENE02858,252.343,-0.56467,0.407378,-1.38611,0.165714,0.662134
GENE01085,315.545,-0.541165,0.390737,-1.38498,0.166058,0.662155
GENE01955,87.7993,0.715727,0.516805,1.38491,0.166081,0.662155
GENE03816,30.6017,-0.97175,0.701926,-1.38441,0.166234,
GENE02910,50.5023,0.832942,0.601791,1.38411,0.166326,0.662412
GENE01697,304.978,0.543778,0.393155,1.38311,0.16663,0.662735
GENE02112,309.582,0.542039,0.392086,1.38245,0.166835,0.662735
GENE00664,46.0151,-0.854679,0.618544,-1.38176,0.167046,0.662735
GENE03575,6.18625,1.73427,1.25514,1.38173,0.167053,
GENE00262,73.3054,0.748292,0.541993,1.38063,0.167392,0.662735
GENE01596,214.103,0.581009,0.420856,1.38054,0.16742,0.662735
GENE01553,1040.6,0.452049,0.327499,1.38031,0.167493,0.662735
GENE02613,3938.07,-0.399631,0.289838,-1.37881,0.167954,0.663384
GENE02603,87.4111,-0.713283,0.517397,-1.3786,0.168019,0.663384
GENE03428,25.4604,-1.02747,0.745459,-1.3783,0.16811,
GENE01806,314.875,-0.537667,0.390887,-1.37551,0.168975,0.665397
GENE02708,66.4396,-0.765632,0.556709,-1.37528,0.169044,0.665397
GENE02952,515.439,-0.495227,0.360116,-1.37519,0.169073,0.665397
GENE01115,23.4535,-1.05366,0.766221,-1.37513,0.16909,
GENE02851,1717.63,-0.426536,0.310322,-1.37449,0.169288,0.665529
GENE01742,247.939,0.561013,0.40877,1.37244,0.169926,0.666958
GENE02809,219.023,-0.574829,0.418925,-1.37215,0.170016,0.666958
GENE01715,5463.04,-0.389265,0.283824,-1.3715,0.170219,0.667039
GENE01839,145.923,-0.626259,0.456956,-1.3705,0.17053,0.6671
GENE00504,87.3499,0.709109,0.517491,1.37028,0.170599,0.6671
GENE01146,1168.24,0.442585,0.323143,1.36963,0.170804,0.667191
GENE01145,434.527,-0.506209,0.369931,-1.36839,0.171191,0.667624
GENE01949,173.705,-0.601536,0.439685,-1.36811,0.171279,0.667624
GENE03282,3.68233,2.12388,1.5528,1.36777,0.171383,
GENE00574,163.357,-0.609208,0.445601,-1.36716,0.171575,0.667686
GENE00562,200.211,-0.58323,0.426684,-1.36689,0.17166,0.667686
GENE03305,465.059,-0.499268,0.365927,-1.36439,0.172444,0.668518
GENE00451,30.0164,0.963629,0.706311,1.36431,0.172469,
GENE00166,303.859,-0.536621,0.393418,-1.364,0.172568,0.668518
GENE02429,210.824,-0.57583,0.422179,-1.36395,0.172584,0.668518
GENE03708,60.6729,0.778716,0.570954,1.36389,0.172603,0.668518
GENE00255,7141.67,-0.381114,0.279583,-1.36315,0.172835,0.668709
GENE00996,282.551,-0.542025,0.398728,-1.35939,0.174024,0.672025
GENE03195,847.471,-0.45655,0.335877,-1.35928,0.174059,0.672025
GENE00021,5184.58,0.386587,0.28472,1.35778,0.174534,0.672546
GENE01846,273.608,-0.544623,0.401139,-1.35769,0.174561,0.672546
GENE01769,204.991,-0.575793,0.424612,-1.35605,0.175084,0.673853
GENE02890,413.402,-0.505403,0.372957,-1.35512,0.175378,0.674277
GENE00145,66.7185,-0.752509,0.556067,-1.35327,0.17597,0.674915
GENE02768,115.084,0.653289,0.483041,1.35245,0.176231,0.674915
GENE03802,262.042,-0.546867,0.404438,-1.35216,0.176323,0.674915
GENE00404,20.6991,1.0804,0.799496,1.35135,0.176584,
GENE01574,15023.2,-0.365374,0.270397,-1.35125,0.176615,0.674915
GENE00419,265.04,-0.545031,0.403562,-1.35055,0.17684,0.674915
GENE00748,553.563,-0.480933,0.356257,-1.34996,0.177028,0.674915
GENE00344,756.891,-0.460038,0.340871,-1.3496,0.177145,0.674915
GENE01988,1000.51,0.44402,0.329037,1.34945,0.177192,0.674915
GENE00405,918.976,0.44864,0.332468,1.34942,0.177202,0.674915
GENE03131,125.959,-0.637668,0.472754,-1.34884,0.17739,0.674928
GENE02633,866.76,-0.451397,0.334916,-1.34779,0.177726,0.675506
GENE01293,1405.76,-0.426184,0.316678,-1.3458,0.178368,0.677034
GENE00177,593.536,-0.474408,0.352616,-1.3454,0.178498,0.677034
GENE02214,863.384,-0.450517,0.335082,-1.3445,0.178788,0.67725
GENE01187,382.781,0.507765,0.377781,1.34407,0.178924,0.67725
GENE03290,3803.47,0.390228,0.290537,1.34313,0.179231,0.677711
GENE01268,32.2397,-0.925726,0.690296,-1.34106,0.179902,
GENE03738,625.675,0.468947,0.349946,1.34006,0.180227,0.679249
GENE02295,158.367,0.601149,0.448659,1.33988,0.180284,0.679249
GENE02079,272.083,0.537986,0.401562,1.33974,0.180331,0.679249
GENE00074,2390.06,-0.403269,0.301137,-1.33915,0.18052,0.679249
GENE03492,801.86,-0.452971,0.338286,-1.33902,0.180565,0.679249
GENE02781,138.464,-0.618659,0.462457,-1.33776,0.180973,0.680088
GENE00834,5471.25,0.379283,0.283798,1.33645,0.181401,0.68059
GENE02746,1896.78,0.4105,0.307403,1.33538,0.181751,0.68059
GENE02244,257.775,-0.541733,0.405711,-1.33527,0.181789,0.68059
GENE01046,1550.08,0.418546,0.313498,1.33508,0.18185,0.68059
GENE02999,27.2963,0.971185,0.728507,1.33312,0.182494,
GENE03247,460.342,0.488234,0.36652,1.33208,0.182834,0.683574
GENE03911,932.484,-0.44175,0.331869,-1.3311,0.183157,0.684085
GENE00438,31.2547,-0.92776,0.69718,-1.33073,0.183277,
GENE02230,2739.43,-0.395917,0.297765,-1.32963,0.18364,0.685036
GENE00871,437.823,-0.491107,0.369479,-1.32919,0.183786,0.685036
GENE01077,1310.17,-0.423422,0.319068,-1.32706,0.184489,0.686961
GENE01367,325.714,-0.514542,0.388523,-1.32435,0.185386,0.689011
GENE01409,866.903,-0.443507,0.334909,-1.32426,0.185416,0.689011
GENE01943,277.948,-0.529114,0.399954,-1.32294,0.185856,0.689947
GENE01288,35.7627,-0.882723,0.668047,-1.32135,0.186385,0.69121
GENE00583,1084.73,-0.430367,0.325907,-1.32052,0.186661,0.691532
GENE03089,230.057,-0.5472,0.414825,-1.31911,0.187132,0.692577
GENE02600,152.394,-0.596603,0.452514,-1.31842,0.187364,0.692735
GENE03022,389.215,-0.496072,0.37672,-1.31682,0.187899,0.693201
GENE01313,1398.63,0.417112,0.316848,1.31644,0.188026,0.693201
GENE02051,239.136,0.541895,0.411665,1.31635,0.188057,0.693201
GENE02839,32.9633,-0.900612,0.685436,-1.31392,0.188872,0.695503
GENE02338,1915.75,-0.403253,0.307118,-1.31302,0.189175,0.69592
GENE02205,115.995,-0.632599,0.482124,-1.31211,0.189483,0.695954
GENE03569,43.4033,-0.825423,0.629471,-1.3113,0.189758,0.695954
GENE00193,179.347,0.572457,0.436678,1.31094,0.189879,0.695954
GENE00153,38.5034,-0.855432,0.652894,-1.31022,0.190123,0.695954
GENE01873,149.583,0.595132,0.454409,1.30968,0.190303,0.695954
GENE02978,43.0352,0.826367,0.631091,1.30943,0.19039,0.695954
GENE00088,280.539,0.522656,0.39926,1.30906,0.190514,0.695954
GENE03201,3342.96,0.383599,0.293239,1.30814,0.190824,0.696226
GENE02761,76.0986,0.701702,0.536584,1.30772,0.190968,0.696226
GENE00911,1924.76,0.401182,0.306984,1.30685,0.191263,0.696244
GENE03429,7998.54,0.362842,0.277953,1.30541,0.191755,0.696244
GENE03657,784.526,0.442812,0.339256,1.30524,0.19181,0.696244
GENE00776,938.885,-0.432707,0.331589,-1.30495,0.19191,0.696244
GENE01793,246.96,0.533818,0.409084,1.30491,0.191923,0.696244
GENE00943,73.1987,-0.706692,0.542205,-1.30337,0.19245,0.697463
GENE00210,264.644,-0.525425,0.403677,-1.3016,0.193054,0.69836
GENE00659,506.712,-0.46977,0.36106,-1.30108,0.19323,0.69836
GENE03627,119.658,-0.621357,0.478544,-1.29843,0.194139,0.69836
GENE00417,1829.38,0.400462,0.30845,1.2983,0.194183,0.69836
GENE00896,11657.5,-0.354598,0.273155,-1.29816,0.194233,0.69836
GENE00123,74.8613,0.699612,0.538942,1.29812,0.194246,0.69836
GENE02521,1268.4,0.415565,0.320196,1.29785,0.19434,0.69836
GENE00715,504.51,0.468719,0.361303,1.2973,0.194527,0.69836
GENE01751,470.93,0.473738,0.365202,1.29719,0.194565,0.69836
GENE00517,586.694,-0.457944,0.353213,-1.29651,0.1948,0.69836
GENE03806,3323.94,0.380187,0.293362,1.29596,0.194988,0.69836
GENE00311,279.96,0.517429,0.399414,1.29547,0.195159,0.69836
GENE02008,848.599,-0.435029,0.33582,-1.29542,0.195175,0.69836
GENE02016,64.8886,-0.725157,0.560353,-1.29411,0.195628,0.699196
GENE03077,263.372,-0.522692,0.404048,-1.29364,0.19579,0.699196
GENE00684,2034.86,0.393575,0.305421,1.28863,0.197527,0.703505
GENE03672,170.825,0.568417,0.441278,1.28812,0.197705,0.703505
GENE01910,259.394,-0.521821,0.405224,-1.28773,0.197838,0.703505
GENE01113,26.5745,-0.946399,0.734962,-1.28768,0.197856,
GENE02059,1055.64,0.42093,0.326945,1.28746,0.197933,0.703505
GENE02689,755.061,-0.438945,0.340981,-1.2873,0.197989,0.703505
GENE03833,120.745,-0.614484,0.477512,-1.28684,0.198149,0.703505
GENE02128,14978.1,-0.347633,0.270427,-1.2855,0.198619,0.70392
GENE02986,27.0876,0.938659,0.730346,1.28522,0.198714,
GENE00426,70.6148,-0.703642,0.547504,-1.28518,0.198729,0.70392
GENE00452,586.973,0.45341,0.353188,1.28376,0.199225,0.70392
GENE01753,2156.56,0.390001,0.303834,1.2836,0.199282,0.70392
GENE02316,2297.69,0.387593,0.302155,1.28276,0.199576,0.70392
GENE03912,1024.23,-0.420507,0.328116,-1.28158,0.19999,0.70392
GENE00626,10.137,1.32655,1.03521,1.28144,0.200041,
GENE01081,1030.04,0.420129,0.327896,1.28129,0.200092,0.70392
GENE01447,90.304,-0.657109,0.513079,-1.28072,0.200293,0.70392
GENE03577,251.403,0.521873,0.407672,1.28013,0.2005,0.70392
GENE00836,5191.7,0.364112,0.284696,1.27895,0.200915,0.70392
GENE00910,275.627,-0.512111,0.400584,-1.27841,0.201105,0.70392
GENE00379,531.04,-0.458081,0.358487,-1.27782,0.201313,0.70392
GENE00528,1082.1,0.416488,0.325999,1.27758,0.201399,0.70392
GENE01557,425.768,-0.474169,0.371158,-1.27754,0.201412,0.70392
GENE01334,2498.29,0.383146,0.300017,1.27708,0.201574,0.70392
GENE02139,45.1427,-0.79441,0.622089,-1.277,0.201601,0.70392
GENE03027,581.747,0.451525,0.353651,1.27675,0.201689,0.70392
GENE03517,546.04,-0.455576,0.356986,-1.27617,0.201895,0.70392
GENE02043,765.67,0.434322,0.340348,1.27611,0.201916,0.70392
GENE03246,522.426,0.458077,0.359377,1.27464,0.202436,0.704695
GENE03064,53.0587,-0.755472,0.593212,-1.27353,0.20283,0.704695
GENE03740,801.431,0.430607,0.338309,1.27282,0.203082,0.704695
GENE03819,1146.98,-0.412027,0.323818,-1.2724,0.20323,0.704695
GENE03622,58.7917,0.732773,0.576048,1.27207,0.203349,0.704695
GENE03916,7476.16,-0.354693,0.278913,-1.2717,0.203481,0.704695
GENE01623,21.0394,1.01103,0.795034,1.27169,0.203485,
GENE01029,613.792,0.446086,0.350909,1.27123,0.203646,0.704695
GENE03149,247.793,-0.519665,0.408816,-1.27115,0.203677,0.704695
GENE00362,259.646,0.514266,0.405149,1.26933,0.204325,0.706211
GENE00747,26.1124,-0.938239,0.739234,-1.2692,0.204368,
GENE01975,106.423,0.624696,0.492339,1.26883,0.204501,0.706211
GENE03555,623.336,-0.44378,0.350133,-1.26746,0.204991,0.707239
GENE01141,177.462,0.554178,0.437667,1.26621,0.205438,0.708115
GENE03449,303.557,-0.497843,0.39349,-1.2652,0.2058,0.708693
GENE02272,145.457,-0.578215,0.457288,-1.26445,0.20607,0.708959
GENE01195,1881.05,-0.38863,0.307642,-1.26325,0.206498,0.709766
GENE02576,736.443,0.431374,0.342124,1.26087,0.207355,0.711396
GENE00722,40.2346,-0.81212,0.644131,-1.2608,0.207381,0.711396
GENE01694,1253.75,-0.403945,0.320605,-1.25995,0.207689,0.711396
GENE01437,604.143,0.443078,0.351712,1.25978,0.20775,0.711396
GENE03954,171.325,-0.555231,0.440998,-1.25903,0.208019,0.711653
GENE02993,143.736,0.576493,0.458525,1.25728,0.208653,0.713156
GENE02911,251.794,-0.51186,0.407549,-1.25595,0.209136,0.714066
GENE01031,87.0663,-0.649866,0.517926,-1.25475,0.20957,0.714066
GENE02108,204.12,0.532937,0.424983,1.25402,0.209835,0.714066
GENE00284,237.014,-0.516854,0.412387,-1.25332,0.210088,0.714066
GENE03293,880.809,0.418695,0.334236,1.25269,0.210318,0.714066
GENE01507,9107.37,0.345979,0.276197,1.25265,0.210331,0.714066
GENE03550,44.2731,-0.783588,0.625725,-1.25229,0.210465,0.714066
GENE01783,271.683,0.502996,0.401673,1.25225,0.210478,0.714066
GENE00920,57.767,0.723867,0.578927,1.25036,0.211168,0.715745
GENE02902,9.07672,1.34892,1.0798,1.24923,0.211581,
GENE02220,783.292,-0.423758,0.339326,-1.24882,0.21173,0.716987
GENE01524,55.74,-0.729629,0.584855,-1.24754,0.2122,0.717914
GENE00824,273.601,-0.50014,0.401141,-1.24679,0.212473,0.718175
GENE03117,2.46211,-2.29688,1.84326,-1.24609,0.21273,
GENE03504,32.7738,0.855548,0.686694,1.24589,0.212803,
GENE01266,578.462,-0.440872,0.353945,-1.2456,0.212913,0.718683
GENE02083,341.802,-0.479725,0.385224,-1.24532,0.213016,0.718683
GENE02771,279.268,-0.497335,0.399599,-1.24458,0.213285,0.71893
GENE02788,49.352,-0.753445,0.605867,-1.24358,0.213654,0.71946
GENE03090,508.106,0.448641,0.360908,1.24309,0.213835,0.71946
GENE02504,80.7828,-0.655628,0.528151,-1.24136,0.214471,0.720629
GENE03469,2098.78,-0.377898,0.30457,-1.24076,0.214696,0.720629
GENE01126,392.988,0.466293,0.37611,1.23978,0.215057,0.720629
GENE03867,139.553,0.572289,0.461627,1.23972,0.215078,0.720629
GENE02933,158.129,-0.556291,0.448808,-1.23948,0.215166,0.720629
GENE00359,51.4373,-0.740876,0.598579,-1.23773,0.215818,0.72073
GENE00182,4113.64,0.357219,0.288979,1.23614,0.216405,0.72073
GENE02152,19.0804,-1.01636,0.82233,-1.23596,0.216475,
GENE02262,6484.85,-0.347299,0.281045,-1.23574,0.216555,0.72073
GENE00120,146.479,-0.564163,0.456563,-1.23567,0.21658,0.72073
GENE01179,553.541,-0.440038,0.356259,-1.23516,0.216769,0.72073
GENE01375,944.251,-0.408934,0.331357,-1.23412,0.217159,0.72073
GENE00317,179.403,0.538733,0.436649,1.23379,0.217281,0.72073
GENE00629,3983.17,0.357198,0.289612,1.23337,0.217439,0.72073
GENE00508,80.2305,0.652505,0.529107,1.23322,0.217494,0.72073
GENE01374,75.1269,0.663969,0.538431,1.23315,0.217518,0.72073
GENE01595,2348.14,0.37188,0.301591,1.23306,0.217553,0.72073
GENE02714,594.013,-0.434743,0.352575,-1.23305,0.217557,0.72073
GENE03712,155.262,0.555151,0.450635,1.23193,0.217976,0.721467
GENE01194,125.746,0.581983,0.472943,1.23056,0.218488,0.72251
GENE02550,1218,-0.395543,0.321633,-1.2298,0.218774,0.722802
GENE01677,110.275,-0.599433,0.488069,-1.22817,0.219382,0.724158
GENE03900,227.472,-0.509853,0.415759,-1.22632,0.220079,0.725804
GENE03773,31.2544,-0.854032,0.697182,-1.22498,0.220583,
GENE02688,270.131,0.492284,0.402108,1.22426,0.220855,0.726232
GENE02726,56.7014,0.712177,0.582004,1.22366,0.221079,0.726232
GENE02927,525.97,-0.439277,0.359008,-1.22358,0.221109,0.726232
GENE01448,3298.6,0.358895,0.293529,1.22269,0.221446,0.726232
GENE03777,37.8236,0.802487,0.656498,1.22238,0.221565,0.726232
GENE00969,52.3906,-0.727129,0.595393,-1.22126,0.221988,0.726232
GENE02555,1146.36,0.395412,0.323838,1.22102,0.222079,0.726232
GENE03779,1322,0.389007,0.318758,1.22038,0.22232,0.726232
GENE00717,256.849,0.495257,0.405992,1.21987,0.222514,0.726232
GENE01831,129.835,-0.572565,0.469403,-1.21977,0.222551,0.726232
GENE01232,370.856,-0.463274,0.379819,-1.21972,0.22257,0.726232
GENE01199,2689.13,-0.363557,0.29821,-1.21913,0.222794,0.726232
GENE03495,423.079,-0.452844,0.371543,-1.21882,0.222913,0.726232
GENE02825,35.001,-0.81884,0.672571,-1.21748,0.223423,0.726232
GENE03644,232.364,-0.503762,0.414004,-1.2168,0.223679,0.726232
GENE03010,117.278,0.585011,0.480851,1.21662,0.223751,0.726232
GENE03114,2705.21,-0.36234,0.298066,-1.21564,0.224124,0.726232
GENE03292,296.083,-0.480312,0.395289,-1.21509,0.224332,0.726232
GENE00693,324.428,-0.472408,0.388797,-1.21505,0.224347,0.726232
GENE02921,177.874,0.531407,0.437449,1.21478,0.224448,0.726232
GENE00224,1177.09,0.392182,0.322868,1.21468,0.224487,0.726232
GENE03801,2308.95,-0.366803,0.302027,-1.21447,0.224569,0.726232
GENE00168,137.005,-0.562701,0.463585,-1.2138,0.224823,0.726351
GENE03938,132.201,0.56715,0.467431,1.21333,0.225002,0.726351
GENE03187,37.0817,-0.800252,0.660545,-1.2115,0.225702,0.727185
GENE00263,525.38,0.43495,0.359069,1.21133,0.225771,0.727185
GENE01034,43.0842,-0.763936,0.630873,-1.21092,0.225927,0.727185
GENE03063,293.47,-0.479313,0.395935,-1.21059,0.226054,0.727185
GENE02382,77.93,-0.64469,0.533196,-1.2091,0.226623,0.727746
GENE00031,668.954,-0.418929,0.346659,-1.20847,0.226865,0.727746
GENE02155,3271.7,-0.354879,0.293707,-1.20827,0.226942,0.727746
GENE02247,1903.78,-0.371069,0.307297,-1.20753,0.227229,0.727746
GENE01704,36.4943,0.801298,0.663835,1.20707,0.227404,0.727746
GENE00557,488.458,-0.438281,0.363117,-1.207,0.227433,0.727746
GENE01336,7572.49,-0.3354,0.278729,-1.20332,0.228853,0.727746
GENE02660,63.6436,0.677884,0.563374,1.20326,0.228876,0.727746
GENE02623,421.135,-0.447363,0.371823,-1.20316,0.228914,0.727746
GENE00165,1686.45,0.373838,0.310877,1.20253,0.229159,0.727746
GENE01095,882.024,0.401846,0.334178,1.20249,0.229174,0.727746
GENE00170,460.889,0.440612,0.366451,1.20238,0.229217,0.727746
GENE03951,343.585,-0.462659,0.384872,-1.20211,0.229321,0.727746
GENE00680,149.088,0.546619,0.454747,1.20203,0.229353,0.727746
GENE02443,735.474,0.411141,0.342184,1.20152,0.22955,0.727746
GENE01209,763.126,-0.409,0.340499,-1.20118,0.229681,0.727746
GENE02097,516.008,-0.432365,0.360056,-1.20083,0.229818,0.727746
GENE01654,333.4,-0.4646,0.386917,-1.20077,0.229839,0.727746
GENE03317,821.243,0.404468,0.337238,1.19936,0.230389,0.727746
GENE03759,153.679,0.5414,0.451666,1.19867,0.230655,0.727746
GENE03786,698.872,0.413016,0.344567,1.19865,0.230663,0.727746
GENE02804,58.3852,0.691839,0.577181,1.19865,0.230663,0.727746
GENE02759,220.223,-0.501449,0.418465,-1.19831,0.230797,0.727746
GENE02206,60.1958,-0.685222,0.572223,-1.19747,0.231122,0.727933
GENE03895,4727.92,0.34281,0.286358,1.19714,0.231254,0.727933
GENE03224,429.122,-0.443501,0.370684,-1.19644,0.231525,0.728161
GENE00121,378.634,-0.452614,0.378478,-1.19588,0.231744,0.728225
GENE03057,64.8846,0.669461,0.560363,1.19469,0.232207,0.729055
GENE01880,181.299,0.519929,0.43567,1.1934,0.232712,0.729661
GENE00050,2355.92,-0.359738,0.301506,-1.19314,0.232816,0.729661
GENE01896,197.173,0.510511,0.42804,1.19267,0.232998,0.729661
GENE02095,127.565,-0.561715,0.471347,-1.19172,0.23337,0.730203
GENE00644,2788.93,0.354087,0.297339,1.19085,0.233712,0.730621
GENE02836,845.865,-0.399914,0.335959,-1.19037,0.233903,0.730621
GENE00319,7810.21,-0.331025,0.278288,-1.1895,0.234242,0.730654
GENE02330,338.957,0.45883,0.38579,1.18932,0.234312,0.730654
GENE03529,2314.48,0.358943,0.301965,1.18869,0.234562,0.730813
GENE03573,937.926,-0.393609,0.331631,-1.18689,0.235272,0.73156
GENE00471,436.687,0.438708,0.369634,1.18687,0.235279,0.73156
GENE00196,177.894,-0.518746,0.437439,-1.18587,0.235674,0.73156
GENE03817,439.286,-0.437887,0.36928,-1.18579,0.235706,0.73156
GENE01792,18160.5,-0.31836,0.268551,-1.18547,0.235831,0.73156
GENE00094,1056.92,-0.387276,0.326899,-1.1847,0.236137,0.73156
GENE03853,403.024,0.443646,0.37453,1.18454,0.2362,0.73156
GENE01651,1509.12,-0.372035,0.314354,-1.18349,0.236616,0.73223
GENE01238,765.099,0.402578,0.340382,1.18272,0.236918,0.7325
GENE01985,582.227,-0.417888,0.353608,-1.18178,0.237292,0.7325
GENE00326,209.876,-0.499371,0.422567,-1.18176,0.237303,0.7325
GENE01519,44.1899,-0.739267,0.626079,-1.18079,0.237686,0.733066
GENE03030,170.31,-0.521003,0.441567,-1.1799,0.238041,0.733543
GENE00179,1770.22,0.364329,0.309419,1.17746,0.239011,0.735158
GENE00500,275.732,0.471552,0.400556,1.17725,0.239098,0.735158
GENE03578,971.654,-0.388671,0.330202,-1.17707,0.239167,0.735158
GENE00406,65.2398,-0.656877,0.559517,-1.17401,0.240392,0.738081
GENE03360,115.377,0.566591,0.482745,1.17369,0.240521,0.738081
GENE02486,348.975,0.449771,0.383827,1.17181,0.241274,0.739772
GENE02853,914.074,0.38927,0.332689,1.17007,0.241972,0.740804
GENE01415,1606.85,0.365229,0.312367,1.16923,0.24231,0.740804
GENE02035,165.598,-0.519383,0.444273,-1.16906,0.242378,0.740804
GENE00956,94.4799,-0.592735,0.5072,-1.16864,0.242548,0.740804
GENE00440,3.74973,-1.80082,1.54104,-1.16857,0.242576,
GENE00391,31.1719,-0.815349,0.697774,-1.1685,0.242605,
GENE00891,942.601,-0.387215,0.331428,-1.16832,0.242677,0.740804
GENE01711,3589.13,0.340728,0.29173,1.16796,0.242824,0.740804
GENE00163,943.594,0.386584,0.331386,1.16657,0.243385,0.7419
GENE01485,1647.37,-0.363306,0.311595,-1.16596,0.243632,0.742034
GENE02630,514.948,0.419675,0.360169,1.16522,0.243931,0.742329
GENE00299,52.6559,-0.691661,0.594521,-1.16339,0.244671,0.743962
GENE03101,1393.95,0.368579,0.31696,1.16286,0.244888,0.744004
GENE00071,249.312,0.474443,0.408332,1.16191,0.245273,0.744558
GENE00895,1501.18,-0.364845,0.314524,-1.15999,0.246053,0.746035
GENE03285,633.462,-0.404909,0.34933,-1.1591,0.246415,0.746035
GENE02928,234.39,0.478665,0.413294,1.15817,0.246795,0.746035
GENE00264,1161.72,0.374452,0.323348,1.15804,0.246846,0.746035
GENE02564,279.098,0.462786,0.399645,1.15799,0.246867,0.746035
GENE02730,153.143,0.523291,0.452019,1.15768,0.246997,0.746035
GENE01959,52.0533,-0.69029,0.59651,-1.15721,0.247185,0.746035
GENE00301,22.6603,-0.896976,0.775179,-1.15712,0.247223,
GENE03095,221.599,-0.483356,0.417941,-1.15652,0.247469,0.746166
GENE02188,1805.95,0.356741,0.308828,1.15514,0.248032,0.746166
GENE02821,413.606,-0.430611,0.372927,-1.15468,0.248221,0.746166
GENE01939,389.841,0.434764,0.376618,1.15439,0.248341,0.746166
GENE02670,337.486,-0.445459,0.386086,-1.15378,0.248589,0.746166
GENE00509,547.575,-0.411638,0.356836,-1.15358,0.248674,0.746166
GENE00416,1158.06,0.372739,0.323464,1.15234,0.249183,0.746166
GENE02718,140.483,0.531121,0.460925,1.15229,0.249201,0.746166
GENE03349,330.744,0.446202,0.387466,1.15159,0.249489,0.746166
GENE00244,37.122,-0.760363,0.660321,-1.1515,0.249525,0.746166
GENE02659,1523.62,-0.361566,0.314047,-1.15131,0.249605,0.746166
GENE00491,151.669,0.521467,0.452998,1.15115,0.249672,0.746166
GENE00695,539.808,-0.411233,0.357602,-1.14997,0.250154,0.746722
GENE03476,20.2304,0.926546,0.805824,1.14981,0.250221,
GENE02900,1000.48,0.378296,0.329038,1.1497,0.250266,0.746722
GENE03528,65.2186,-0.642646,0.559567,-1.14847,0.250775,0.747303
GENE00323,28.7419,-0.822219,0.716318,-1.14784,0.251034,
GENE03023,210.851,0.48453,0.422168,1.14772,0.251085,0.747303
GENE01243,361.622,-0.43764,0.381466,-1.14726,0.251274,0.747303
GENE02833,148.23,-0.522294,0.455339,-1.14704,0.251363,0.747303
GENE00674,60.518,0.654892,0.571364,1.14619,0.251717,0.747303
GENE00470,595.472,-0.403885,0.352449,-1.14594,0.251821,0.747303
GENE00330,676.67,-0.39656,0.346106,-1.14577,0.251888,0.747303
GENE02881,18.2367,-0.956448,0.835419,-1.14487,0.252262,
GENE01150,73.9661,0.618836,0.540686,1.14454,0.2524,0.747777
GENE01600,28.5437,-0.821676,0.717934,-1.1445,0.252416,
GENE01667,3256.76,-0.336234,0.293807,-1.1444,0.252456,0.747777
GENE01018,232.979,0.472991,0.413788,1.14308,0.253007,0.74865
GENE00909,961.256,-0.377819,0.330634,-1.14271,0.25316,0.74865
GENE02325,10796.6,-0.312188,0.27406,-1.13912,0.254651,0.752454
GENE03242,50.8885,-0.683022,0.600453,-1.13751,0.255325,0.753837
GENE03481,77.0425,-0.607979,0.534823,-1.13679,0.255628,0.754122
GENE00940,161.649,0.506577,0.446632,1.13422,0.256704,0.755693
GENE03923,985.583,-0.37352,0.329633,-1.13314,0.257155,0.755693
GENE02485,82.4672,0.595176,0.525296,1.13303,0.257201,0.755693
GENE02420,928.89,0.376152,0.332027,1.1329,0.257258,0.755693
GENE02766,336.234,0.437578,0.386339,1.13263,0.257371,0.755693
GENE02068,183.956,-0.491709,0.434324,-1.13212,0.257583,0.755693
GENE01740,42907.4,0.296393,0.262069,1.13097,0.258066,0.755693
GENE03881,856.069,-0.379243,0.335445,-1.13057,0.258238,0.755693
GENE01112,12.4682,-1.08304,0.958008,-1.13051,0.25826,
GENE01237,2058.71,0.344908,0.305099,1.13048,0.258275,0.755693
GENE02720,255.147,0.459374,0.406511,1.13004,0.258459,0.755693
GENE02196,18.9279,-0.931602,0.82463,-1.12972,0.258594,
GENE00436,516.529,-0.406664,0.36,-1.12962,0.258636,0.755693
GENE02171,58.9899,0.649951,0.5755,1.12937,0.258743,0.755693
GENE01137,123.399,-0.536299,0.475053,-1.12892,0.25893,0.755693
GENE03625,317.468,-0.440436,0.390311,-1.12842,0.259141,0.755693
GENE02266,3415.07,0.330081,0.29278,1.1274,0.259572,0.755693
GENE01780,723.574,0.386491,0.342939,1.127,0.259744,0.755693
GENE01208,1836.26,0.347326,0.308341,1.12644,0.259981,0.755693
GENE02381,22.1174,0.880234,0.781585,1.12622,0.260074,
GENE03458,107.074,-0.55352,0.491601,-1.12596,0.260185,0.755693
GENE03069,1171.64,-0.363648,0.323037,-1.12572,0.260286,0.755693
GENE01954,286.713,0.447456,0.397644,1.12527,0.260476,0.755693
GENE03159,48.5513,0.68492,0.608789,1.12505,0.260566,0.755693
GENE01465,415.237,0.419175,0.372685,1.12474,0.260697,0.755693
GENE02520,6954.88,0.31473,0.279977,1.12412,0.26096,0.755741
GENE02195,5618.74,-0.318412,0.283352,-1.12373,0.261127,0.755741
GENE00409,196.51,0.480779,0.42834,1.12242,0.261682,0.755755
GENE01541,340.691,-0.432599,0.385444,-1.12234,0.261718,0.755755
GENE03486,87.116,-0.581164,0.51785,-1.12226,0.26175,0.755755
GENE01997,188.489,0.484329,0.432094,1.12089,0.262336,0.756849
GENE00761,353.421,-0.429012,0.382982,-1.12019,0.262634,0.757115
GENE00468,185.788,-0.484623,0.433414,-1.11815,0.263502,0.758269
GENE00441,146.877,-0.510162,0.456283,-1.11808,0.263531,0.758269
GENE02752,716.348,-0.383725,0.343407,-1.11741,0.26382,0.758269
GENE00807,405.33,-0.418069,0.374175,-1.11731,0.263863,0.758269
GENE02932,611.627,-0.391827,0.351087,-1.11604,0.264406,0.759234
GENE03216,46.1695,-0.68842,0.617928,-1.11408,0.265245,0.760652
GENE01891,277.384,-0.445573,0.400106,-1.11364,0.265435,0.760652
GENE02487,365.844,0.423804,0.380705,1.11321,0.265619,0.760652
GENE01073,212.28,0.469206,0.421587,1.11295,0.26573,0.760652
GENE01105,537.002,-0.39802,0.357883,-1.11215,0.266072,0.761038
GENE02332,647.851,-0.386645,0.348221,-1.11034,0.266851,0.762669
GENE02515,464.981,0.406128,0.365937,1.10983,0.267072,0.762706
GENE01889,4.16886,-1.63609,1.47442,-1.10965,0.267151,
GENE03313,754.814,-0.378079,0.340996,-1.10875,0.267538,0.763443
GENE02953,631.594,-0.387143,0.349477,-1.10778,0.267957,0.763547
GENE03359,161.522,0.494642,0.446709,1.1073,0.268163,0.763547
GENE03455,259.762,-0.44855,0.405114,-1.10722,0.2682,0.763547
GENE00976,592.841,0.39025,0.352676,1.10654,0.268493,0.763788
GENE02136,69.8487,0.606253,0.549131,1.10402,0.269583,0.764884
GENE03365,212.422,0.465237,0.42153,1.10369,0.269729,0.764884
GENE00742,15.6485,0.97341,0.88198,1.10366,0.269739,
GENE03631,9922.06,-0.303587,0.275098,-1.10356,0.269784,0.764884
GENE02775,93.2269,-0.561457,0.508922,-1.10323,0.269929,0.764884
GENE00312,1203.35,0.355171,0.322068,1.10278,0.270122,0.764884
GENE00072,406.347,-0.412454,0.37402,-1.10276,0.270131,0.764884
GENE00091,5692.96,-0.311891,0.283134,-1.10157,0.270649,0.765613
GENE03062,37.4135,-0.725387,0.65872,-1.10121,0.270806,0.765613
GENE02935,380.74,-0.415748,0.378123,-1.09951,0.271547,0.766635
GENE01136,692.557,0.379296,0.344998,1.09942,0.271586,0.766635
GENE00681,708.869,0.377861,0.343898,1.09876,0.271873,0.766854
GENE03226,13.5431,1.01975,0.929329,1.09729,0.272513,
GENE00456,1127.08,-0.355961,0.324467,-1.09707,0.272613,0.767913
GENE03351,47.3361,-0.672123,0.613365,-1.0958,0.273168,0.767913
GENE02373,58.0934,0.633152,0.578002,1.09541,0.273335,0.767913
GENE00386,1422.61,-0.346236,0.316282,-1.09471,0.273646,0.767913
GENE03440,860.69,0.366877,0.335215,1.09445,0.273756,0.767913
GENE03004,504.644,-0.395286,0.361288,-1.0941,0.27391,0.767913
GENE02213,183.606,-0.475262,0.4345,-1.09381,0.274037,0.767913
GENE00109,1228.14,0.351215,0.321337,1.09298,0.274403,0.767913
GENE03083,2506.45,0.327796,0.299936,1.09289,0.274443,0.767913
GENE01974,356.41,0.41789,0.382424,1.09274,0.274507,0.767913
GENE02637,239.07,0.449587,0.411688,1.09206,0.274808,0.767913
GENE02067,1232.93,0.350714,0.321199,1.09189,0.274881,0.767913
GENE03835,479.669,-0.397479,0.364148,-1.09153,0.27504,0.767913
GENE00229,485.696,0.396585,0.363438,1.09121,0.275183,0.767913
GENE03367,129.264,0.512021,0.469888,1.08966,0.275861,0.769219
GENE02224,43.3449,0.685749,0.629727,1.08896,0.27617,0.769496
GENE03204,149.218,0.494666,0.454658,1.08799,0.276598,0.770102
GENE02546,514.015,0.391502,0.360269,1.08669,0.277172,0.771092
GENE02089,2904.55,0.321947,0.296387,1.08624,0.277374,0.771092
GENE03352,28.2728,0.781762,0.720171,1.08552,0.27769,
GENE02991,129.527,0.509579,0.469664,1.08498,0.277929,0.771827
GENE01791,469.419,0.396149,0.365388,1.08419,0.278281,0.771827
GENE01438,397.761,0.406868,0.375351,1.08397,0.27838,0.771827
GENE00611,20.3462,0.87114,0.804241,1.08318,0.278727,
GENE02992,3253.02,0.318174,0.293833,1.08284,0.278879,0.771827
GENE00619,323.237,-0.421209,0.389053,-1.08265,0.278963,0.771827
GENE03268,1416.64,-0.342425,0.316422,-1.08218,0.279173,0.771827
GENE02948,245.562,-0.443004,0.409536,-1.08172,0.279376,0.771827
GENE01641,4635.71,0.310078,0.286718,1.08147,0.279486,0.771827
GENE03074,46.4662,-0.666897,0.616751,-1.08131,0.279561,0.771827
GENE01048,657.452,-0.375606,0.347501,-1.08088,0.279751,0.771827
GENE02820,328.714,0.419083,0.38789,1.08042,0.279956,0.771827
GENE02868,3565.95,0.314754,0.291865,1.07842,0.280845,0.773367
GENE01578,212.936,-0.454186,0.421323,-1.078,0.281034,0.773367
GENE02829,143.116,-0.494605,0.458976,-1.07763,0.2812,0.773367
GENE01369,231.451,0.445889,0.414328,1.07618,0.281849,0.773367
GENE00559,35.1438,0.722878,0.671712,1.07617,0.28185,0.773367
GENE00564,12121.2,0.29337,0.272707,1.07577,0.28203,0.773367
GENE02527,1638.48,-0.335226,0.311762,-1.07526,0.282257,0.773367
GENE01430,269.356,0.432473,0.402327,1.07493,0.282407,0.773367
GENE00543,583.155,-0.379735,0.353526,-1.07414,0.282761,0.773367
GENE02618,797.873,0.363597,0.338506,1.07412,0.282767,0.773367
GENE03135,1320.22,0.342386,0.318804,1.07397,0.282836,0.773367
GENE01286,518.266,-0.386107,0.359816,-1.07307,0.28324,0.773894
GENE01053,121.618,0.510947,0.476695,1.07185,0.283786,0.774808
GENE00965,954.324,0.354526,0.330927,1.07131,0.284029,0.774893
GENE00492,4.50467,-1.52969,1.4279,-1.07129,0.284041,
GENE01649,13.4325,0.997437,0.93212,1.07007,0.284586,
GENE03688,111.404,0.519713,0.486859,1.06748,0.285754,0.778119
GENE03490,136.243,0.4952,0.464182,1.06682,0.286052,0.778119
GENE02536,578.631,0.377576,0.35393,1.06681,0.286057,0.778119
GENE03091,79.2624,0.566069,0.530806,1.06643,0.286228,0.778119
GENE01990,794.106,-0.361184,0.338716,-1.06633,0.286273,0.778119
GENE00037,254.588,-0.433135,0.406683,-1.06504,0.286856,0.778705
GENE01868,64.842,-0.596848,0.560464,-1.06492,0.286914,0.778705
GENE01563,1464.82,0.334969,0.31532,1.06231,0.288094,0.780461
GENE00381,2035.89,0.324288,0.305407,1.06182,0.288315,0.780461
GENE02874,118.12,-0.509515,0.480027,-1.06143,0.288495,0.780461
GENE00966,87.7164,-0.548305,0.516931,-1.06069,0.28883,0.780461
GENE00540,192.489,0.45592,0.430192,1.0598,0.289234,0.780461
GENE03893,323.099,-0.412228,0.389082,-1.05949,0.289378,0.780461
GENE02284,274.716,-0.424644,0.400834,-1.0594,0.289416,0.780461
GENE02293,12.6414,1.00953,0.953141,1.05916,0.289526,
GENE03511,130.113,-0.496823,0.469169,-1.05894,0.289626,0.780461
GENE02507,367.737,-0.402768,0.380368,-1.05889,0.28965,0.780461
GENE00666,211.109,-0.446626,0.422063,-1.0582,0.289966,0.780461
GENE00637,959.121,-0.349919,0.330724,-1.05804,0.290037,0.780461
GENE02875,3.57364,1.66321,1.57247,1.05771,0.290188,
GENE00978,305.992,-0.415445,0.392917,-1.05733,0.290359,0.780461
GENE02285,371.738,0.401326,0.379665,1.05705,0.290487,0.780461
GENE02037,97.0743,0.532418,0.503739,1.05693,0.290543,0.780461
GENE03238,126.349,0.498448,0.47241,1.05512,0.291371,0.781064
GENE03941,416.553,-0.392931,0.372491,-1.05487,0.291483,0.781064
GENE00402,102.982,0.523297,0.496354,1.05428,0.291754,0.781064
GENE02282,321.978,-0.410383,0.389324,-1.05409,0.291842,0.781064
GENE02096,105.314,0.520271,0.493611,1.05401,0.291879,0.781064
GENE03111,621.967,-0.368966,0.350244,-1.05345,0.292133,0.781064
GENE01513,1220.13,0.338672,0.321571,1.05318,0.292259,0.781064
GENE03641,652.05,-0.366233,0.347904,-1.05268,0.292486,0.781099
GENE00530,211.581,0.443349,0.421871,1.05091,0.293299,0.782571
GENE01503,184.768,-0.455855,0.433919,-1.05055,0.293464,0.782571
GENE00649,272.402,0.421173,0.401473,1.04907,0.294146,0.78336
GENE00764,280.464,0.418836,0.39928,1.04898,0.294188,0.78336
GENE00100,45.5732,0.65001,0.620327,1.04785,0.294707,0.784174
GENE01986,425.849,0.388232,0.371147,1.04603,0.295546,0.784684
GENE01355,1260.54,-0.335061,0.320415,-1.04571,0.295695,0.784684
GENE02681,65.3478,-0.584814,0.559261,-1.04569,0.295703,0.784684
GENE03612,246.902,0.427679,0.409103,1.04541,0.295835,0.784684
GENE01897,70.5737,0.572216,0.54759,1.04497,0.296036,0.784684
GENE01746,9.5335,1.10685,1.05968,1.04451,0.29625,
GENE01047,557.675,-0.371596,0.355864,-1.04421,0.29639,0.784684
GENE03092,302.17,-0.411221,0.393818,-1.04419,0.296398,0.784684
GENE01418,912.681,0.347058,0.332752,1.04299,0.296952,0.785583
GENE01343,134.341,-0.485466,0.465693,-1.04246,0.297199,0.785669
GENE01356,206.047,0.441805,0.424163,1.04159,0.297601,0.785822
GENE02317,2147.79,0.31653,0.303944,1.04141,0.297686,0.785822
GENE02015,3.21874,-1.71116,1.64347,-1.04119,0.297789,
GENE01446,31.8306,-0.720339,0.693116,-1.03928,0.298677,
GENE00087,51.1216,0.622781,0.599654,1.03857,0.299005,0.787628
GENE02442,15.1271,0.927017,0.89278,1.03835,0.299108,
GENE00938,139.566,-0.479293,0.461617,-1.03829,0.299134,0.787628
GENE00877,1040.37,-0.339851,0.327508,-1.03769,0.299416,0.787628
GENE01436,3449.1,0.303433,0.292568,1.03713,0.299673,0.787628
GENE03058,1877.23,0.319068,0.307701,1.03694,0.299762,0.787628
GENE01668,79.3285,0.550216,0.530689,1.0368,0.299831,0.787628
GENE02849,340.38,0.39963,0.385506,1.03664,0.299904,0.787628
GENE00308,60.3003,-0.592672,0.571944,-1.03624,0.30009,0.787628
GENE01925,164.539,0.46078,0.444897,1.0357,0.300342,0.787725
GENE00022,4030,-0.29951,0.289381,-1.035,0.300668,0.787742
GENE00754,88.1325,-0.53425,0.5163,-1.03477,0.300778,0.787742
GENE02265,24.5065,-0.78099,0.755009,-1.03441,0.300944,
GENE01622,8551.21,0.286507,0.277035,1.03419,0.301047,0.787884
GENE00342,147.361,-0.471137,0.455944,-1.03332,0.301453,0.788055
GENE03127,84.8699,-0.538644,0.521371,-1.03313,0.301543,0.788055
GENE01227,14211,0.279646,0.270971,1.03201,0.302066,0.788859
GENE02013,285.745,0.409905,0.397894,1.03019,0.302923,0.788942
GENE02439,46.2456,0.636256,0.617625,1.03017,0.302932,0.788942
GENE00591,132.562,-0.481073,0.467135,-1.02984,0.303087,0.788942
GENE02867,402.791,-0.385649,0.374566,-1.02959,0.303203,0.788942
GENE01875,49.2106,0.624223,0.606378,1.02943,0.303278,0.788942
GENE00478,39.262,-0.667927,0.648982,-1.02919,0.30339,0.788942
GENE01890,416.416,0.382986,0.372511,1.02812,0.303894,0.789053
GENE01825,1879.47,0.316198,0.307666,1.02773,0.304077,0.789053
GENE00999,279.852,-0.410518,0.399443,-1.02773,0.304078,0.789053
GENE01013,4659.61,0.294121,0.286624,1.02616,0.304818,0.790413
GENE02753,159.085,0.459419,0.44821,1.02501,0.305359,0.790855
GENE02962,3353.23,0.300467,0.293173,1.02488,0.30542,0.790855
GENE02251,167.05,0.453327,0.443427,1.02232,0.306627,0.79282
GENE01410,3.51806,-1.61808,1.58287,-1.02224,0.306666,
GENE03654,54.1614,-0.602592,0.5897,-1.02186,0.306846,0.79282
GENE01420,593.842,0.360259,0.35259,1.02175,0.306899,0.79282
GENE00601,126.537,-0.482281,0.472244,-1.02125,0.307134,0.79282
GENE00779,659.097,-0.354441,0.347379,-1.02033,0.307573,0.79282
GENE02054,473.481,-0.372271,0.364892,-1.02022,0.307622,0.79282
GENE01618,83.2194,0.534568,0.524049,1.02007,0.307694,0.79282
GENE01892,3233.9,-0.29932,0.293962,-1.01823,0.30857,0.793786
GENE00766,566.517,-0.361487,0.355035,-1.01817,0.308595,0.793786
GENE02169,36.0061,-0.678574,0.666632,-1.01791,0.308719,0.793786
GENE00349,109.779,-0.496211,0.488605,-1.01557,0.309836,0.7961
GENE03735,173.528,0.446015,0.439782,1.01417,0.3105,0.796792
GENE02179,402.861,0.379833,0.374555,1.01409,0.31054,0.796792
GENE01700,5415.72,0.287609,0.283971,1.01281,0.311151,0.797802
GENE00040,604.293,-0.355771,0.351699,-1.01158,0.31174,0.798219
GENE02669,708.982,-0.347384,0.343891,-1.01016,0.31242,0.798219
GENE01587,7341.72,-0.281972,0.279177,-1.01001,0.31249,0.798219
GENE01720,120.237,0.48276,0.477993,1.00997,0.312508,0.798219
GENE00027,840.855,0.339423,0.336214,1.00954,0.312715,0.798219
GENE03008,159.237,0.452366,0.448115,1.00949,0.312742,0.798219
GENE02028,18.5278,0.838609,0.830802,1.0094,0.312785,
GENE00605,118.353,-0.484254,0.4798,-1.00928,0.312839,0.798219
GENE02103,179.315,-0.440405,0.436694,-1.0085,0.313216,0.798625
GENE02434,41.1409,-0.644893,0.639765,-1.00801,0.313447,0.798651
GENE00646,103.364,0.499581,0.495898,1.00743,0.313729,0.798651
GENE02908,152.191,-0.45587,0.45265,-1.00711,0.31388,0.798651
GENE01603,55.1448,-0.589988,0.586657,-1.00568,0.31457,0.799851
GENE01781,5020.21,-0.286678,0.285284,-1.00489,0.314951,0.800265
GENE00432,366.911,0.38212,0.380515,1.00422,0.315274,0.800528
GENE01521,257.127,0.407394,0.405907,1.00366,0.315541,0.800653
GENE01255,93.5984,0.509887,0.508408,1.00291,0.315904,0.80102
GENE02451,52.6265,-0.595652,0.594618,-1.00174,0.31647,0.801899
GENE00882,21.6409,-0.788692,0.787405,-1.00163,0.31652,
GENE01996,7.03235,-1.19374,1.19274,-1.00084,0.316902,
GENE02012,281.589,-0.399063,0.398981,-1.0002,0.317212,0.803223
GENE00373,1053.51,0.326795,0.327023,0.999304,0.317648,0.803771
GENE02955,214.299,0.419797,0.420777,0.997669,0.31844,0.805184
GENE02920,25.1129,-0.747065,0.748875,-0.997582,0.318482,
GENE02412,2044.83,0.30433,0.305286,0.996872,0.318827,0.805184
GENE01759,354.006,0.381644,0.382872,0.996793,0.318865,0.805184
GENE02704,320.528,-0.388039,0.389639,-0.995892,0.319303,0.805733
GENE03061,279.236,0.397679,0.399608,0.995174,0.319652,0.806059
GENE02170,3977.75,0.288025,0.289639,0.994428,0.320015,0.806152
GENE02162,52.6784,0.590743,0.594448,0.993767,0.320336,0.806152
GENE00399,4788.96,-0.284262,0.286126,-0.993486,0.320473,0.806152
GENE03609,643.619,-0.346184,0.348543,-0.993231,0.320597,0.806152
GENE00905,503.155,0.358864,0.361452,0.992839,0.320788,0.806152
GENE00505,21.3604,-0.783998,0.790923,-0.991244,0.321566,
GENE03679,773.298,-0.336283,0.339901,-0.989355,0.322489,0.809028
GENE03515,1746.13,0.306512,0.309828,0.989297,0.322518,0.809028
GENE00049,380.599,-0.373976,0.378146,-0.988971,0.322677,0.809028
GENE03230,645.73,-0.34444,0.348382,-0.988687,0.322816,0.809028
GENE01534,948.254,-0.327178,0.331185,-0.9879,0.323201,0.809439
GENE03283,847.076,-0.331504,0.335897,-0.986922,0.323681,0.809537
GENE03039,122.822,-0.469359,0.47558,-0.986919,0.323682,0.809537
GENE03323,395.359,0.370467,0.375732,0.985989,0.324138,0.810125
GENE03190,11.0006,-0.989682,1.00376,-0.985978,0.324144,
GENE01012,4342.61,0.283691,0.287937,0.985254,0.324499,0.810474
GENE01074,352.843,0.377078,0.383091,0.984303,0.324967,0.811089
GENE02909,694.788,-0.338831,0.344845,-0.98256,0.325824,0.812674
GENE02456,43.0744,-0.61884,0.630917,-0.980858,0.326663,0.813776
GENE03080,129.538,-0.46062,0.469655,-0.980763,0.32671,0.813776
GENE02478,113.634,0.474599,0.484523,0.979518,0.327324,0.814753
GENE00900,1531.31,-0.307284,0.313886,-0.978965,0.327597,0.814879
GENE02202,885.013,-0.326764,0.334036,-0.978231,0.32796,0.815227
GENE03922,508.658,-0.352533,0.360848,-0.976958,0.32859,0.81624
GENE01844,897.587,-0.325567,0.333445,-0.976373,0.328879,0.816405
GENE03065,159.345,0.437171,0.448048,0.975723,0.329202,0.816469
GENE02855,31.8319,0.676248,0.693107,0.975677,0.329225,
GENE01813,529.099,-0.34987,0.358685,-0.975423,0.329351,0.816469
GENE02676,319.742,0.379944,0.389811,0.974689,0.329714,0.816711
GENE01505,82.45,-0.511838,0.525324,-0.974327,0.329894,0.816711
GENE02073,237.632,0.401099,0.412176,0.973126,0.330491,0.817635
GENE03396,4824.31,-0.277682,0.285993,-0.970939,0.331579,0.819605
GENE00898,496.871,-0.35148,0.362155,-0.970523,0.331786,0.819605
GENE03227,371.387,0.368402,0.379726,0.970178,0.331958,0.819605
GENE01449,215.557,-0.407526,0.420278,-0.969658,0.332217,0.819693
GENE01951,865.42,-0.324442,0.334982,-0.968535,0.332777,0.820522
GENE01946,201.865,0.412089,0.425958,0.96744,0.333324,0.821317
GENE00035,838.175,-0.325211,0.336352,-0.966876,0.333606,0.82146
GENE02093,678.052,0.334295,0.346008,0.966148,0.33397,0.821804
GENE03474,84.2172,0.504314,0.52242,0.965341,0.334374,0.82184
GENE02190,32.0977,-0.667247,0.691268,-0.965251,0.334419,
GENE02386,37.2261,0.636803,0.659747,0.965223,0.334433,0.82184
GENE00608,3.04162,1.62308,1.68347,0.964131,0.33498,
GENE02450,42.4606,-0.610924,0.633661,-0.964118,0.334987,0.822478
GENE02145,721.06,0.330455,0.343101,0.963141,0.335477,0.822478
GENE00455,135.973,0.447207,0.464394,0.962989,0.335553,0.822478
GENE01632,719.76,-0.330458,0.343185,-0.962914,0.335591,0.822478
GENE00864,1968.21,-0.294823,0.306351,-0.962369,0.335864,0.822598
GENE00668,139.554,-0.443347,0.461626,-0.960404,0.336852,0.823794
GENE01905,1051.06,-0.313824,0.327113,-0.959375,0.33737,0.823794
GENE02168,4816.58,-0.274353,0.286022,-0.959201,0.337458,0.823794
GENE03785,7543.43,-0.267251,0.278784,-0.958632,0.337744,0.823794
GENE00860,79.6862,0.508068,0.530058,0.958513,0.337804,0.823794
GENE00954,97.2783,-0.482523,0.503473,-0.958388,0.337867,0.823794
GENE03565,292.381,0.379673,0.396206,0.95827,0.337926,0.823794
GENE02509,9.58488,1.01289,1.05751,0.957809,0.338159,
GENE01916,3117.73,0.281918,0.294773,0.95639,0.338875,0.824935
GENE00191,445.477,0.352283,0.368448,0.956128,0.339008,0.824935
GENE01071,260.616,0.386979,0.40486,0.955834,0.339156,0.824935
GENE02225,4816.97,-0.273129,0.286021,-0.954928,0.339614,0.824935
GENE03943,415.259,-0.355868,0.372682,-0.954885,0.339636,0.824935
GENE01451,5.68466,1.23948,1.29855,0.954515,0.339823,
GENE01114,77.4966,0.509696,0.533987,0.95451,0.339826,0.824935
GENE00418,79.5251,0.506065,0.530342,0.954224,0.33997,0.824935
GENE00953,6360.4,-0.26825,0.281347,-0.953447,0.340363,0.825049
GENE01134,222.719,0.39798,0.417518,0.953205,0.340486,0.825049
GENE00596,341.724,0.367055,0.385239,0.952797,0.340693,0.825049
GENE02017,302.671,-0.374772,0.393699,-0.951924,0.341135,0.825575
GENE02819,10.0338,-0.988302,1.03924,-0.950989,0.34161,
GENE03640,254.726,-0.386627,0.40664,-0.950784,0.341714,0.826429
GENE00076,150.265,-0.431333,0.453944,-0.95019,0.342016,0.826613
GENE03714,48.6605,0.577698,0.608386,0.949558,0.342337,0.826844
GENE00992,31.433,0.660375,0.69591,0.948937,0.342652,
GENE00010,63.874,0.533457,0.562808,0.94785,0.343206,0.827986
GENE03843,17.0565,0.81061,0.855334,0.947712,0.343276,
GENE02776,191.694,0.408,0.430566,0.94759,0.343338,0.827986
GENE00157,1763.82,-0.293199,0.309527,-0.94725,0.343511,0.827986
GENE03311,1303.36,0.302281,0.319248,0.946853,0.343714,0.827986
GENE00614,88.8369,-0.48613,0.515243,-0.943496,0.345427,0.830649
GENE01689,310.007,-0.369516,0.391989,-0.942669,0.34585,0.830649
GENE00020,532.268,0.337775,0.358361,0.942555,0.345908,0.830649
GENE00324,107.103,0.463329,0.491568,0.942552,0.34591,0.830649
GENE00673,28.5689,-0.67648,0.717728,-0.942529,0.345922,
GENE02852,231.639,-0.390428,0.414261,-0.942469,0.345953,0.830649
GENE01389,22940.5,-0.250545,0.266506,-0.940111,0.347161,0.833004
GENE01607,4373.32,0.2699,0.287804,0.937792,0.348352,0.835314
GENE03146,90.3734,0.480452,0.512978,0.936594,0.348968,0.836244
GENE01092,2142.84,0.284252,0.304006,0.93502,0.349778,0.836303
GENE02090,562.157,0.332094,0.355441,0.934314,0.350142,0.836303
GENE02838,791.358,-0.316557,0.33887,-0.934157,0.350223,0.836303
GENE03695,102.263,-0.464134,0.497218,-0.93346,0.350582,0.836303
GENE03465,593.038,-0.32918,0.352659,-0.933423,0.350602,0.836303
GENE00581,4180.44,0.269421,0.288666,0.93333,0.35065,0.836303
GENE03921,192.206,-0.401574,0.430325,-0.933187,0.350723,0.836303
GENE03676,2284.94,-0.281927,0.3023,-0.932605,0.351024,0.836303
GENE02626,40.5202,0.599145,0.642739,0.932174,0.351246,0.836303
GENE03523,109.07,0.45616,0.48938,0.93212,0.351275,0.836303
GENE03953,248.523,0.380571,0.408583,0.931441,0.351626,0.836595
GENE02865,88.333,-0.479997,0.515998,-0.93023,0.352252,0.837541
GENE03841,229.218,-0.385399,0.415126,-0.928391,0.353205,0.838789
GENE03700,340.06,-0.357857,0.38557,-0.928125,0.353343,0.838789
GENE02185,14.0817,-0.850312,0.916211,-0.928075,0.353369,
GENE02597,309.174,0.363901,0.39218,0.927892,0.353464,0.838789
GENE00721,1053.73,-0.302541,0.327015,-0.925161,0.354882,0.839928
GENE01923,368.798,0.35166,0.38018,0.924983,0.354975,0.839928
GENE02022,332.597,-0.357948,0.387082,-0.924734,0.355104,0.839928
GENE02685,261.813,-0.374006,0.404506,-0.9246,0.355174,0.839928
GENE01231,172.068,0.407326,0.440585,0.92451,0.355221,0.839928
GENE01556,100.148,-0.461962,0.499815,-0.924266,0.355348,0.839928
GENE02084,284.848,-0.367609,0.398127,-0.923346,0.355827,0.839928
GENE00636,10664.1,0.253113,0.274209,0.923065,0.355973,0.839928
GENE03744,181.431,-0.402062,0.435603,-0.923001,0.356007,0.839928
GENE01037,1196.44,0.297302,0.322276,0.922508,0.356264,0.839993
GENE02497,224.767,-0.384031,0.416753,-0.921483,0.356798,0.84004
GENE00690,561.764,-0.327095,0.355478,-0.920154,0.357492,0.84004
GENE03646,5664.99,0.260584,0.283215,0.92009,0.357526,0.84004
GENE00765,808.424,-0.310889,0.337927,-0.91999,0.357578,0.84004
GENE02234,277.966,0.367949,0.399949,0.919989,0.357579,0.84004
GENE02926,275.853,-0.368196,0.400522,-0.91929,0.357944,0.84004
GENE02936,1059.91,-0.300347,0.32679,-0.919081,0.358053,0.84004
GENE01966,10630.2,0.25187,0.274248,0.918403,0.358408,0.84004
GENE03447,54.2743,0.541182,0.589346,0.918276,0.358474,0.84004
GENE00532,532.056,0.329025,0.358383,0.918082,0.358576,0.84004
GENE02629,154.169,-0.41306,0.451346,-0.915175,0.3601,0.842316
GENE00024,628.666,0.32001,0.349708,0.915079,0.36015,0.842316
GENE02844,15.0038,0.819048,0.895416,0.914712,0.360343,
GENE02283,126.411,-0.431944,0.472356,-0.914448,0.360482,0.842316
GENE01452,744.774,0.312333,0.341607,0.914304,0.360557,0.842316
GENE03047,1703.84,-0.283869,0.310566,-0.914038,0.360697,0.842316
GENE01845,503.378,0.329351,0.361428,0.911251,0.362163,0.844793
GENE02947,1396.08,0.288744,0.316909,0.911126,0.362229,0.844793
GENE01857,268.092,0.366729,0.402686,0.910708,0.36245,0.844793
GENE02617,147.329,-0.414329,0.455966,-0.908683,0.363517,0.846716
GENE03812,1360.91,0.288618,0.317768,0.908268,0.363737,0.846716
GENE00536,2112.7,-0.276138,0.30439,-0.907183,0.36431,0.847007
GENE03764,195.83,0.388788,0.428649,0.907008,0.364403,0.847007
GENE03842,1306.97,0.289382,0.319152,0.906719,0.364555,0.847007
GENE03734,45.4481,-0.561733,0.620836,-0.9048,0.365571,0.848589
GENE00533,10.1069,0.937642,1.03638,0.904729,0.365609,
GENE01627,474.533,-0.329793,0.364764,-0.904125,0.365929,0.848589
GENE03220,293.719,-0.357917,0.395873,-0.904121,0.365931,0.848589
GENE01484,26.7311,0.663185,0.733539,0.904089,0.365948,
GENE02813,2351.03,-0.272485,0.30156,-0.903585,0.366216,0.848712
GENE01212,1203.92,0.290395,0.322051,0.901705,0.367214,0.84994
GENE03497,696.989,0.310694,0.344695,0.901359,0.367398,0.84994
GENE03796,1196.08,0.29047,0.322287,0.901277,0.367441,0.84994
GENE03388,1787.24,-0.278299,0.309136,-0.90025,0.367987,0.850666
GENE02587,792.704,-0.304806,0.338794,-0.89968,0.368291,0.850691
GENE01468,275.458,0.360216,0.40063,0.899123,0.368587,0.850691
GENE03221,493.77,0.325778,0.362507,0.898682,0.368822,0.850691
GENE01531,4156.13,-0.259239,0.288779,-0.897707,0.369342,0.850691
GENE01345,2330.3,-0.270827,0.301789,-0.897405,0.369503,0.850691
GENE00851,3455.88,0.262511,0.292527,0.897391,0.369511,0.850691
GENE02738,879.392,0.299813,0.334304,0.896828,0.369811,0.850691
GENE00462,1682.02,0.278716,0.310957,0.896317,0.370084,0.850691
GENE03926,556.18,-0.319062,0.356006,-0.896227,0.370132,0.850691
GENE00032,362.4,-0.341469,0.381325,-0.895481,0.37053,0.850691
GENE01666,373.344,-0.339656,0.379385,-0.89528,0.370638,0.850691
GENE01274,236.013,0.369365,0.412732,0.894928,0.370826,0.850691
GENE01626,1458.44,0.282204,0.315463,0.894571,0.371016,0.850691
GENE00389,404.726,0.334605,0.374268,0.894024,0.371309,0.850776
GENE02774,16.4473,0.774328,0.866442,0.893687,0.371489,
GENE00334,176.201,0.391713,0.438337,0.893634,0.371518,0.850776
GENE03330,168.554,0.395162,0.442562,0.892897,0.371912,0.851117
GENE03001,588.773,-0.314982,0.353031,-0.892223,0.372273,0.851117
GENE00527,56.053,0.520887,0.583918,0.892055,0.372364,0.851117
GENE03545,805.285,-0.301386,0.338098,-0.891415,0.372706,0.8512
GENE02003,46.0381,-0.550611,0.618452,-0.890304,0.373303,0.8512
GENE00363,802.084,0.301078,0.338273,0.890045,0.373442,0.8512
GENE02799,167.273,0.394529,0.443298,0.889987,0.373473,0.8512
GENE00652,432.739,-0.329393,0.370179,-0.889822,0.373562,0.8512
GENE00397,895.685,0.296459,0.333534,0.888844,0.374087,0.85178
GENE03637,99.9411,0.444293,0.500074,0.888454,0.374296,0.85178
GENE02368,2632.06,0.265287,0.29873,0.888051,0.374513,0.85178
GENE01653,432.886,0.327979,0.370158,0.886051,0.37559,0.853402
GENE00916,388.11,-0.333881,0.3769,-0.885861,0.375692,0.853402
GENE03169,6.23325,1.10749,1.25134,0.885039,0.376135,
GENE00868,966.976,0.292088,0.330396,0.884056,0.376666,0.855083
GENE02912,1713.69,0.273908,0.310391,0.882461,0.377527,0.856508
GENE02472,929.873,-0.292538,0.331984,-0.881181,0.37822,0.85668
GENE02893,659.795,-0.306036,0.347327,-0.881116,0.378255,0.85668
GENE00107,3411.89,0.257754,0.2928,0.880307,0.378693,0.85668
GENE03741,1832.22,-0.271455,0.308405,-0.880188,0.378758,0.85668
GENE02577,62.3415,0.498725,0.56663,0.88016,0.378772,0.85668
GENE02807,41.9245,-0.559475,0.636105,-0.879532,0.379113,0.856921
GENE00804,1250.85,-0.281915,0.320687,-0.879097,0.379349,0.856925
GENE00656,56.3785,0.510903,0.582953,0.876405,0.38081,0.859697
GENE02860,552.76,-0.311901,0.356334,-0.875306,0.381407,0.859806
GENE00897,26.8916,-0.640164,0.732094,-0.874428,0.381885,
GENE03718,229.731,-0.362648,0.414942,-0.873973,0.382133,0.859806
GENE03341,296.637,0.34534,0.395154,0.873938,0.382152,0.859806
GENE03721,217.065,-0.366635,0.419686,-0.873594,0.382339,0.859806
GENE03404,520.877,0.313999,0.35954,0.873335,0.38248,0.859806
GENE00582,765.524,-0.297153,0.340357,-0.873063,0.382629,0.859806
GENE03917,1650.5,-0.271896,0.311536,-0.872757,0.382795,0.859806
GENE02648,515.301,-0.314249,0.360131,-0.872596,0.382883,0.859806
GENE02489,114.798,-0.421676,0.483332,-0.872436,0.382971,0.859806
GENE01391,39.99,0.562056,0.645334,0.870953,0.38378,0.860114
GENE00411,231.786,-0.360704,0.414209,-0.870827,0.383848,0.860114
GENE01663,1165.88,0.281453,0.323217,0.870788,0.38387,0.860114
GENE01581,605.4,-0.305852,0.351606,-0.86987,0.384371,0.860114
GENE00847,2130.35,0.264418,0.304164,0.869325,0.384669,0.860114
GENE00801,1750.63,0.269266,0.309751,0.8693,0.384683,0.860114
GENE00008,463.829,-0.318189,0.366081,-0.869176,0.384751,0.860114
GENE00202,298.234,-0.342747,0.394764,-0.868231,0.385268,0.860745
GENE03897,340.641,-0.334418,0.385454,-0.867594,0.385617,0.860999
GENE01748,18377.3,-0.23252,0.268442,-0.866186,0.386388,0.862196
GENE01477,21.7281,0.680807,0.786326,0.865807,0.386596,
GENE03256,170.062,-0.382163,0.441707,-0.865198,0.38693,0.862303
GENE02072,34.9141,0.581831,0.673097,0.864409,0.387363,0.862303
GENE02531,3752.54,-0.251206,0.290811,-0.863813,0.387691,0.862303
GENE00221,5217.11,0.245847,0.284612,0.863798,0.387699,0.862303
GENE00679,124.549,0.40933,0.474011,0.863546,0.387838,0.862303
GENE02918,51.139,-0.517616,0.599594,-0.863277,0.387985,0.862303
GENE00861,475.078,-0.314615,0.364698,-0.862671,0.388318,0.862303
GENE00366,147.039,-0.393524,0.456169,-0.86267,0.388319,0.862303
GENE00420,16.259,0.75048,0.870001,0.862619,0.388347,
GENE00913,23.1072,-0.663513,0.770076,-0.861621,0.388896,
GENE02479,157.924,-0.385019,0.448937,-0.857622,0.391101,0.867004
GENE02580,404.04,-0.32105,0.374373,-0.857567,0.391131,0.867004
GENE03731,317.599,-0.334634,0.390281,-0.857417,0.391214,0.867004
GENE02847,268.46,-0.344876,0.402581,-0.856662,0.391632,0.867004
GENE02491,320.778,0.333605,0.389585,0.856309,0.391827,0.867004
GENE03710,3160.42,-0.252041,0.29447,-0.855912,0.392046,0.867004
GENE00007,1629.97,0.266953,0.311923,0.85583,0.392092,0.867004
GENE03899,97.5914,0.429927,0.503066,0.854613,0.392765,0.867529
GENE01829,198.318,-0.365206,0.427525,-0.854234,0.392975,0.867529
GENE02957,35.6017,0.571397,0.668991,0.854117,0.39304,0.867529
GENE03028,113.125,0.413834,0.485051,0.853176,0.393562,0.868158
GENE02432,485.05,0.309691,0.363513,0.851938,0.394248,0.869149
GENE02294,5.0103,-1.16144,1.36688,-0.849701,0.395491,
GENE03845,313.589,0.331994,0.391176,0.84871,0.396043,0.869705
GENE02593,160.345,-0.379657,0.447429,-0.848529,0.396143,0.869705
GENE01124,176.296,0.371882,0.438286,0.848492,0.396164,0.869705
GENE02109,121.096,-0.404804,0.477182,-0.84832,0.39626,0.869705
GENE03361,4206.44,-0.244659,0.288546,-0.847902,0.396493,0.869705
GENE02105,992.856,0.279202,0.329341,0.847759,0.396572,0.869705
GENE03060,153.176,-0.383066,0.451997,-0.847497,0.396718,0.869705
GENE00794,81.526,-0.44647,0.52688,-0.847385,0.39678,0.869705
GENE03145,157.459,-0.380655,0.449231,-0.847348,0.396801,0.869705
GENE00867,182.077,-0.368771,0.435273,-0.847217,0.396874,0.869705
GENE02888,236.278,-0.349104,0.41264,-0.846025,0.397539,0.869841
GENE03241,258.922,-0.342948,0.405366,-0.846021,0.397541,0.869841
GENE02417,4626.8,0.242544,0.286754,0.845828,0.397649,0.869841
GENE01289,379.085,-0.319812,0.378402,-0.845166,0.398018,0.86996
GENE01298,418.89,0.314421,0.372149,0.84488,0.398178,0.86996
GENE01402,46.7908,-0.519192,0.615477,-0.843561,0.398915,0.870042
GENE03354,32.7337,-0.579106,0.686961,-0.842997,0.39923,
GENE02053,1158.75,-0.272649,0.323442,-0.84296,0.399251,0.870042
GENE02475,175.838,-0.369438,0.438532,-0.842444,0.399539,0.870042
GENE00739,111.372,-0.410164,0.486893,-0.842411,0.399558,0.870042
GENE03102,279.809,0.336387,0.399455,0.842116,0.399723,0.870042
GENE03945,38.2429,0.550923,0.654264,0.842051,0.39976,0.870042
GENE01178,1.99918,1.69916,2.01813,0.841948,0.399817,
GENE01782,6776.83,-0.235975,0.280369,-0.84166,0.399979,0.870042
GENE03296,150.283,0.381946,0.453932,0.841416,0.400115,0.870042
GENE02697,174.557,-0.369351,0.439222,-0.840921,0.400392,0.870129
GENE01182,203.892,0.356812,0.425081,0.839397,0.401247,0.871469
GENE01197,9.50379,-0.888946,1.06095,-0.837882,0.402097,
GENE01800,17.2847,0.713125,0.851324,0.837666,0.402218,
GENE02884,90.0213,-0.430066,0.513492,-0.837532,0.402294,0.872775
GENE03464,36.2909,0.556917,0.664993,0.837477,0.402325,0.872775
GENE02579,1940.37,-0.255787,0.306754,-0.833849,0.404366,0.875289
GENE03675,69.2558,-0.458633,0.550408,-0.833259,0.404699,0.875289
GENE01045,77.5208,0.444764,0.533943,0.83298,0.404856,0.875289
GENE01608,529.739,0.298399,0.35862,0.832075,0.405367,0.875289
GENE01789,353.572,0.318448,0.382954,0.831558,0.405658,0.875289
GENE00578,205.992,0.352646,0.424187,0.831347,0.405778,0.875289
GENE00917,217.96,-0.348552,0.419337,-0.831199,0.405861,0.875289
GENE01797,3001.06,0.245711,0.295636,0.831128,0.405901,0.875289
GENE02121,590.305,0.293238,0.352897,0.830947,0.406004,0.875289
GENE03173,4982.48,-0.237119,0.285417,-0.83078,0.406098,0.875289
GENE01523,127.077,-0.391677,0.471772,-0.830226,0.406411,0.875289
GENE01471,2.52557,1.51164,1.82311,0.829153,0.407018,
GENE01069,825.777,-0.279165,0.336998,-0.828388,0.407451,0.875289
GENE02732,588.554,0.29225,0.35305,0.827787,0.407791,0.875289
GENE01631,3970.22,0.239735,0.289676,0.827595,0.4079,0.875289
GENE00571,318.072,-0.322891,0.390177,-0.827549,0.407926,0.875289
GENE00887,1356.29,-0.262826,0.317883,-0.826801,0.40835,0.875289
GENE00068,321.953,0.321634,0.38933,0.826124,0.408734,0.875289
GENE01341,38.7356,0.537982,0.651684,0.825525,0.409073,0.875289
GENE00915,2385.84,-0.248563,0.301182,-0.82529,0.409207,0.875289
GENE03659,736.865,-0.282172,0.342097,-0.824831,0.409468,0.875289
GENE03109,35.5972,-0.551814,0.669018,-0.824812,0.409479,0.875289
GENE02372,1011.35,-0.27093,0.328612,-0.824466,0.409675,0.875289
GENE03792,716.281,-0.283065,0.343411,-0.824275,0.409783,0.875289
GENE01583,36.6707,0.546223,0.662839,0.824066,0.409902,0.875289
GENE00058,3558.94,-0.240499,0.291906,-0.823892,0.410001,0.875289
GENE00537,139.591,0.37996,0.461598,0.823141,0.410428,0.875289
GENE03719,129.092,0.386622,0.470034,0.82254,0.410769,0.875289
GENE02310,272.684,-0.330069,0.401395,-0.822305,0.410904,0.875289
GENE02572,240.776,0.33791,0.411114,0.821938,0.411112,0.875289
GENE01188,1074.29,-0.268135,0.326274,-0.821807,0.411187,0.875289
GENE00586,854.196,-0.27566,0.335538,-0.821546,0.411335,0.875289
GENE02640,137.321,0.380195,0.463339,0.820555,0.4119,0.875289
GENE01758,3234.48,0.241171,0.293958,0.820426,0.411974,0.875289
GENE02970,274.898,-0.328779,0.400784,-0.82034,0.412022,0.875289
GENE03309,221.159,-0.342687,0.418108,-0.819613,0.412437,0.875289
GENE00998,796.312,0.277494,0.338593,0.819551,0.412472,0.875289
GENE02506,37.9051,-0.537229,0.656061,-0.81887,0.412861,0.875289
GENE01015,514.796,-0.294692,0.360185,-0.81817,0.41326,0.875289
GENE00694,193.115,-0.351362,0.4299,-0.817312,0.41375,0.875289
GENE03442,243.161,-0.335152,0.410322,-0.816803,0.414041,0.875289
GENE00798,568.016,-0.289833,0.354896,-0.816669,0.414117,0.875289
GENE01976,567.113,0.289797,0.35498,0.816376,0.414285,0.875289
GENE03417,30.5465,-0.573287,0.702334,-0.81626,0.414352,
GENE00090,1161.63,0.263928,0.323351,0.816229,0.414369,0.875289
GENE01918,497.061,-0.29558,0.362133,-0.816219,0.414375,0.875289
GENE00268,714.844,0.280314,0.343505,0.816042,0.414476,0.875289
GENE00703,73.0872,0.442443,0.542428,0.81567,0.414689,0.875289
GENE01980,240.674,-0.335345,0.411148,-0.815631,0.414711,0.875289
GENE02030,145.792,0.372268,0.457049,0.814504,0.415356,0.875408
GENE01702,205.098,-0.345805,0.424566,-0.814491,0.415363,0.875408
GENE00598,305.781,-0.319879,0.392967,-0.81401,0.415639,0.875408
GENE01481,74.8574,-0.438632,0.53895,-0.813863,0.415723,0.875408
GENE01699,255.706,0.330475,0.40634,0.813297,0.416048,0.875442
GENE02961,52.852,0.482827,0.593882,0.813002,0.416217,0.875442
GENE03918,132.76,-0.378941,0.466973,-0.811482,0.417089,0.875966
GENE00161,247.185,0.331878,0.409012,0.811415,0.417127,0.875966
GENE02191,626.101,-0.28389,0.349912,-0.811317,0.417183,0.875966
GENE01190,48609.1,0.21177,0.261339,0.810326,0.417753,0.876596
GENE01525,206.35,-0.343297,0.424035,-0.809595,0.418173,0.876596
GENE03703,151.678,0.366718,0.452992,0.809546,0.418201,0.876596
GENE02716,134.514,-0.376293,0.465554,-0.808268,0.418936,0.877634
GENE00724,41.163,0.516659,0.639661,0.807708,0.419259,0.877808
GENE01765,1439.65,-0.254692,0.315889,-0.806271,0.420087,0.87855
GENE01903,1267.52,-0.258181,0.32022,-0.806261,0.420093,0.87855
GENE02854,415.268,-0.299863,0.372681,-0.804611,0.421044,0.879056
GENE03366,7830.8,-0.223722,0.278251,-0.804028,0.421381,0.879056
GENE01214,27.1693,-0.586035,0.729624,-0.803201,0.421858,
GENE01223,77.2658,-0.429167,0.534411,-0.803065,0.421937,0.879056
GENE00778,57.3955,-0.465567,0.57999,-0.802714,0.42214,0.879056
GENE00310,48.4791,0.488599,0.609056,0.802222,0.422424,0.879056
GENE01725,50.4387,0.482915,0.602012,0.802168,0.422456,0.879056
GENE01672,22.0813,-0.627254,0.78202,-0.802095,0.422498,
GENE01589,1359.26,-0.254834,0.317809,-0.801847,0.422641,0.879056
GENE01828,5756.51,-0.226754,0.28295,-0.801393,0.422904,0.879056
GENE01528,74.5098,-0.431972,0.539623,-0.800507,0.423417,0.879056
GENE02369,92.8322,-0.407763,0.509472,-0.800365,0.4235,0.879056
GENE01590,196.527,0.342695,0.428332,0.800069,0.423671,0.879056
GENE02767,389.94,0.300769,0.376602,0.798639,0.4245,0.879056
GENE00346,51.7023,-0.477235,0.597684,-0.798474,0.424596,0.879056
GENE00787,911.675,0.265361,0.332798,0.797365,0.425239,0.879056
GENE03228,65.2915,-0.446001,0.559394,-0.797293,0.425281,0.879056
GENE03162,1369.25,-0.25313,0.317562,-0.797104,0.42539,0.879056
GENE03809,42.2451,0.504992,0.634638,0.795716,0.426197,0.879056
GENE01419,16.6219,0.686663,0.863196,0.795489,0.426329,
GENE01453,231.74,0.329246,0.414225,0.794848,0.426702,0.879056
GENE01772,8602.43,0.2201,0.276954,0.794717,0.426778,0.879056
GENE01599,1249.9,0.254847,0.320714,0.794626,0.426831,0.879056
GENE01866,951.883,0.263017,0.33103,0.79454,0.426881,0.879056
GENE02062,129.683,-0.372998,0.469533,-0.794403,0.426961,0.879056
GENE02990,641.999,-0.276913,0.348667,-0.794204,0.427076,0.879056
GENE02906,1961.53,0.243337,0.306447,0.794058,0.427161,0.879056
GENE02744,200.049,0.338762,0.426755,0.793808,0.427307,0.879056
GENE03051,1790.76,0.245089,0.309077,0.792971,0.427795,0.879056
GENE03054,63.2902,-0.447182,0.564248,-0.792529,0.428052,0.879056
GENE02950,2.40505,-1.47425,1.86205,-0.791737,0.428514,
GENE01817,553.689,-0.282042,0.356245,-0.791708,0.428531,0.879056
GENE03928,379,-0.29952,0.378416,-0.79151,0.428646,0.879056
GENE02187,3392.84,0.231848,0.29292,0.791508,0.428648,0.879056
GENE03431,2942.64,-0.234308,0.296086,-0.791352,0.428739,0.879056
GENE03758,3674.03,0.230306,0.291245,0.790766,0.429081,0.879056
GENE03602,847.882,-0.265499,0.335856,-0.790515,0.429227,0.879056
GENE00203,85.9662,0.410735,0.519635,0.79043,0.429277,0.879056
GENE02020,245.197,0.323661,0.409655,0.790083,0.429479,0.879056
GENE02304,130.601,0.370325,0.468759,0.790011,0.429521,0.879056
GENE02133,153.602,-0.356749,0.451716,-0.789762,0.429667,0.879056
GENE01856,588.81,0.278735,0.353027,0.789556,0.429787,0.879056
GENE02989,598.051,0.278012,0.352228,0.789294,0.42994,0.879056
GENE02974,83.2654,0.413126,0.523973,0.788449,0.430434,0.879056
GENE01950,4731.57,-0.225582,0.286344,-0.787799,0.430814,0.879056
GENE01337,398.358,-0.295614,0.375257,-0.787763,0.430835,0.879056
GENE02905,91.0553,0.40328,0.511992,0.787669,0.43089,0.879056
GENE03681,38.1352,-0.515792,0.654834,-0.787668,0.430891,0.879056
GENE02575,761.695,0.267992,0.340584,0.786862,0.431363,0.879352
GENE01404,1018.77,0.25826,0.328325,0.7866,0.431516,0.879352
GENE02736,638.105,0.274283,0.348968,0.785985,0.431876,0.879576
GENE03635,33.9362,-0.533534,0.679149,-0.785592,0.432106,0.879576
GENE03235,444.353,-0.289369,0.368598,-0.785053,0.432423,0.879731
GENE03541,9202.89,0.216455,0.27606,0.784085,0.432991,0.879838
GENE03385,763.056,-0.266976,0.340503,-0.784064,0.433002,0.879838
GENE00902,101.936,-0.389624,0.497615,-0.782984,0.433637,0.879838
GENE02399,360.922,-0.298586,0.381593,-0.782472,0.433938,0.879838
GENE01103,612.533,-0.274617,0.351013,-0.782357,0.434005,0.879838
GENE01425,29.5596,-0.555313,0.709823,-0.782326,0.434023,
GENE02499,340.132,0.301578,0.385555,0.782191,0.434103,0.879838
GENE00211,222.068,-0.326266,0.417763,-0.780982,0.434813,0.879838
GENE01079,100.571,0.389722,0.49929,0.780553,0.435065,0.879838
GENE01111,1828.25,0.240744,0.308469,0.780448,0.435127,0.879838
GENE00377,86.7587,0.404565,0.518401,0.780411,0.435149,0.879838
GENE03563,213.118,-0.328636,0.42125,-0.780145,0.435306,0.879838
GENE03949,409.356,0.291401,0.373563,0.780058,0.435357,0.879838
GENE00946,61.9751,0.441527,0.567564,0.777933,0.436608,0.881882
GENE01561,630.745,0.271612,0.349544,0.777047,0.437131,0.88189
GENE00710,1118.06,0.252287,0.324767,0.776826,0.437261,0.88189
GENE03262,44.2149,0.486194,0.625972,0.776702,0.437334,0.88189
GENE03566,5159.57,-0.221041,0.284804,-0.776114,0.437682,0.882104
GENE02366,29.0079,-0.552866,0.714175,-0.774133,0.438852,
GENE00651,53.5287,-0.45756,0.591701,-0.773296,0.439347,0.883731
GENE03610,1438.95,0.24428,0.315905,0.77327,0.439362,0.883731
GENE01640,43.8753,-0.485121,0.627424,-0.773194,0.439407,0.883731
GENE02048,146.776,0.352492,0.456354,0.77241,0.439872,0.883731
GENE03582,141.807,-0.355172,0.459938,-0.772217,0.439986,0.883731
GENE02655,70.3642,-0.423168,0.548033,-0.772158,0.440021,0.883731
GENE03859,209.061,-0.326411,0.422903,-0.771834,0.440213,0.883731
GENE00012,310.35,-0.30211,0.39191,-0.770866,0.440786,0.883731
GENE03626,218.41,0.323062,0.419162,0.770732,0.440866,0.883731
GENE00692,557.377,-0.274277,0.355893,-0.770673,0.440901,0.883731
GENE01476,579.02,0.272388,0.353895,0.769687,0.441486,0.88442
GENE00813,44.9462,-0.478286,0.622901,-0.767837,0.442584,0.884848
GENE01156,71.5245,-0.418705,0.545606,-0.767413,0.442836,0.884848
GENE00092,558.618,0.273001,0.355775,0.767342,0.442878,0.884848
GENE01325,1849.69,-0.236436,0.308129,-0.767327,0.442887,0.884848
GENE00267,312.375,0.300291,0.39145,0.767125,0.443007,0.884848
GENE01661,144.694,-0.350838,0.457833,-0.766301,0.443497,0.884848
GENE01893,1404.27,-0.242586,0.316714,-0.765946,0.443708,0.884848
GENE01912,4714.06,0.219318,0.286412,0.765742,0.44383,0.884848
GENE03716,404.371,-0.286605,0.374323,-0.765664,0.443876,0.884848
GENE01007,370.886,-0.290638,0.379814,-0.765212,0.444145,0.884848
GENE00755,1322.64,0.243637,0.318742,0.764372,0.444645,0.884848
GENE00501,1519.32,0.240091,0.314138,0.764286,0.444697,0.884848
GENE02675,98.9382,0.383046,0.501338,0.764048,0.444839,0.884848
GENE02524,119.681,0.36526,0.478521,0.763309,0.445279,0.885243
GENE02257,987.164,0.251417,0.329569,0.762866,0.445543,0.885288
GENE02596,126.813,-0.359709,0.472003,-0.76209,0.446006,0.885288
GENE00291,1009,0.250297,0.328704,0.761466,0.446379,0.885288
GENE02845,34.7902,-0.513041,0.673849,-0.761359,0.446443,0.885288
GENE01619,45.4143,0.472109,0.620974,0.760272,0.447092,0.885288
GENE00569,1590.1,-0.237676,0.312694,-0.760092,0.4472,0.885288
GENE02674,1019.91,0.249475,0.328282,0.759941,0.44729,0.885288
GENE00833,124.432,0.359998,0.474117,0.759303,0.447672,0.885288
GENE00893,100.328,-0.379281,0.499591,-0.759183,0.447743,0.885288
GENE03036,728.37,0.259988,0.342633,0.758796,0.447974,0.885288
GENE01392,64.8669,0.424985,0.560405,0.758354,0.448239,0.885288
GENE03121,826.255,-0.255518,0.336973,-0.758276,0.448286,0.885288
GENE02275,1041.56,-0.248151,0.327464,-0.757797,0.448573,0.885288
GENE03472,15.1988,-0.67538,0.891261,-0.757781,0.448582,
GENE02612,148.429,-0.344865,0.455201,-0.75761,0.448684,0.885288
GENE01533,840.646,-0.254223,0.336225,-0.75611,0.449583,0.885986
GENE03394,86.061,0.392645,0.519486,0.755833,0.44975,0.885986
GENE01151,61.1841,-0.43016,0.56961,-0.755182,0.45014,0.885986
GENE00968,8.52669,-0.835255,1.10615,-0.755101,0.450188,
GENE01795,1522.81,-0.237128,0.314064,-0.75503,0.450231,0.885986
GENE01515,1133.18,-0.244822,0.324266,-0.755003,0.450247,0.885986
GENE03444,112.756,0.365911,0.485434,0.753781,0.450981,0.886562
GENE00057,1166.09,-0.24336,0.323211,-0.752946,0.451482,0.886562
GENE01049,3318.16,0.220856,0.2934,0.752747,0.451602,0.886562
GENE03498,487.751,0.273387,0.363199,0.752721,0.451617,0.886562
GENE00935,543.816,-0.268693,0.357205,-0.75221,0.451925,0.886562
GENE03696,354.803,-0.287845,0.382723,-0.752098,0.451992,0.886562
GENE03913,2799,-0.223424,0.297254,-0.751625,0.452276,0.886646
GENE03407,259.874,0.304198,0.405081,0.750956,0.452679,0.886672
GENE01838,8922.89,-0.20757,0.276466,-0.750798,0.452774,0.886672
GENE00137,4.98584,1.02817,1.36962,0.7507,0.452833,
GENE02165,178.311,0.328053,0.43722,0.750316,0.453065,0.886768
GENE01537,52.9606,0.444571,0.593529,0.74903,0.453839,0.886823
GENE00890,281.346,0.298869,0.399046,0.748959,0.453882,0.886823
GENE00099,71.4838,-0.408576,0.54569,-0.748733,0.454018,0.886823
GENE02642,2755.77,-0.222745,0.297623,-0.748414,0.45421,0.886823
GENE01706,128.344,0.35218,0.470674,0.748245,0.454312,0.886823
GENE01501,185.136,-0.324373,0.433736,-0.747859,0.454545,0.886823
GENE01312,968.86,0.246788,0.330317,0.747123,0.454989,0.886997
GENE02548,1581.95,0.233675,0.312856,0.746909,0.455119,0.886997
GENE03203,1684.59,0.231827,0.310911,0.745639,0.455885,0.888019
GENE01480,323.418,0.289896,0.389014,0.745207,0.456147,0.888056
GENE03836,62.8507,0.420956,0.565344,0.744601,0.456513,0.888297
GENE00707,1166.74,-0.240476,0.32319,-0.744069,0.456835,0.888451
GENE03489,989.84,0.244955,0.329462,0.743502,0.457178,0.888647
GENE02102,224.489,-0.309295,0.416856,-0.741971,0.458105,0.889482
GENE03015,1008.28,-0.243787,0.328732,-0.741598,0.458331,0.889482
GENE00837,996.356,0.244132,0.329201,0.74159,0.458336,0.889482
GENE00339,34.4983,-0.500286,0.675639,-0.740464,0.459019,0.890336
GENE00181,117.936,-0.355282,0.480206,-0.739855,0.459388,0.890581
GENE00106,113.871,-0.357972,0.484279,-0.739185,0.459795,0.890787
GENE01744,4172.68,-0.21327,0.288702,-0.738719,0.460078,0.890787
GENE01119,1040.22,0.241663,0.327513,0.737873,0.460592,0.890787
GENE03618,226.031,-0.307105,0.416286,-0.737726,0.460681,0.890787
GENE00547,62.1347,-0.418379,0.567156,-0.737678,0.46071,0.890787
GENE00457,24.7097,0.554689,0.752929,0.736709,0.461299,
GENE03014,209.145,0.311238,0.422869,0.736015,0.461721,0.891418
GENE01258,313.821,0.287861,0.391123,0.735984,0.46174,0.891418
GENE00524,160.789,-0.32886,0.447157,-0.735447,0.462067,0.891418
GENE00516,1533.02,-0.230742,0.313851,-0.735196,0.46222,0.891418
GENE02398,1101.73,0.238895,0.325319,0.73434,0.462741,0.891418
GENE00781,287.578,0.291718,0.397422,0.734027,0.462933,0.891418
GENE00627,275.503,-0.294063,0.400618,-0.734024,0.462934,0.891418
GENE03935,307.663,0.287994,0.392529,0.73369,0.463138,0.891418
GENE02387,2835.89,0.217756,0.296946,0.733318,0.463365,0.891418
GENE03807,1826.03,-0.226179,0.308504,-0.733146,0.463469,0.891418
GENE01097,12.309,0.704565,0.962572,0.731961,0.464192,
GENE03016,637.459,0.255467,0.349018,0.731959,0.464194,0.892001
GENE03624,18.4396,-0.609108,0.832189,-0.731935,0.464208,
GENE03161,1110.57,-0.23786,0.325018,-0.731837,0.464268,0.892001
GENE01072,39.8844,0.47227,0.645857,0.73123,0.464638,0.892001
GENE03553,1573.98,0.228706,0.313014,0.730657,0.464989,0.892001
GENE03128,1269.14,-0.23385,0.320175,-0.73038,0.465158,0.892001
GENE02014,4467.46,0.209878,0.287403,0.730257,0.465233,0.892001
GENE01879,60.3457,0.417103,0.571823,0.729426,0.465741,0.892054
GENE02976,87.0805,0.377583,0.517904,0.72906,0.465965,0.892054
GENE00957,199.653,0.31124,0.42693,0.729017,0.465991,0.892054
GENE02554,108.571,-0.35668,0.489929,-0.728024,0.466599,0.892405
GENE01144,553.585,0.259206,0.356255,0.727587,0.466866,0.892405
GENE02686,73.9435,-0.393284,0.54073,-0.727321,0.467029,0.892405
GENE03753,59.9671,-0.416525,0.572837,-0.727126,0.467149,0.892405
GENE02914,2207.61,-0.220054,0.303208,-0.725752,0.467991,0.892588
GENE01972,1424.77,0.229117,0.316232,0.724524,0.468744,0.892588
GENE01717,195.504,-0.310664,0.428798,-0.7245,0.468759,0.892588
GENE02797,332.65,0.280344,0.387071,0.724269,0.4689,0.892588
GENE01914,296.101,-0.286229,0.395285,-0.724109,0.468999,0.892588
GENE01455,400.742,0.271417,0.374884,0.724003,0.469064,0.892588
GENE00865,17.865,-0.609122,0.841477,-0.723873,0.469144,
GENE01580,97.6921,-0.364004,0.502936,-0.723759,0.469214,0.892588
GENE02590,526.434,-0.259679,0.35896,-0.72342,0.469422,0.892588
GENE01219,1792.12,0.223521,0.309055,0.72324,0.469533,0.892588
GENE00494,228.513,-0.300313,0.415381,-0.722981,0.469691,0.892588
GENE03585,34.4686,0.488351,0.675822,0.722603,0.469924,0.892588
GENE03844,141.345,0.332356,0.460281,0.722071,0.470251,0.892745
GENE02333,117.524,0.346252,0.480609,0.720444,0.471252,0.894182
GENE00358,28.6799,0.516146,0.716822,0.720047,0.471496,
GENE02311,177.575,-0.314972,0.437607,-0.719761,0.471672,0.894517
GENE00852,1876.88,0.221131,0.307706,0.718642,0.472361,0.895231
GENE02159,41.7904,0.457331,0.636724,0.718256,0.472599,0.895231
GENE01628,108.34,-0.351933,0.490185,-0.71796,0.472782,0.895231
GENE01915,145.198,0.327885,0.457472,0.716733,0.473539,0.895425
GENE00704,513.441,0.258164,0.36033,0.716465,0.473704,0.895425
GENE02029,627.83,-0.250535,0.349774,-0.716275,0.473822,0.895425
GENE00036,612.328,-0.251328,0.351029,-0.715974,0.474007,0.895425
GENE03105,155.621,0.322355,0.450404,0.715702,0.474175,0.895425
GENE00054,3315.44,-0.209835,0.293418,-0.715141,0.474522,0.895425
GENE01582,3062.92,-0.21104,0.295172,-0.714973,0.474626,0.895425
GENE03858,91.7385,0.365185,0.511014,0.714628,0.474839,0.895425
GENE01495,1177.63,-0.230395,0.322851,-0.713626,0.475459,0.896132
GENE00360,79.0459,0.377833,0.53119,0.711295,0.476902,0.89839
GENE00885,198.308,0.303678,0.427529,0.710309,0.477512,0.899078
GENE01120,784.894,0.240453,0.339235,0.70881,0.478443,0.899993
GENE02371,78.7045,0.376904,0.5318,0.708734,0.47849,0.899993
GENE01803,550.444,-0.252455,0.356557,-0.708035,0.478923,0.900174
GENE02306,254.212,-0.287866,0.406799,-0.707637,0.47917,0.900174
GENE00793,7630.63,0.196841,0.278619,0.706488,0.479885,0.900174
GENE02913,420.548,0.262735,0.371908,0.706453,0.479907,0.900174
GENE02290,1633.32,0.22025,0.311859,0.706249,0.480033,0.900174
GENE01058,393.99,-0.265498,0.37595,-0.706206,0.48006,0.900174
GENE03856,2510.45,-0.211581,0.299896,-0.705516,0.480489,0.900518
GENE00055,19.5537,0.574857,0.815361,0.705034,0.480789,
GENE02140,21.5378,0.556022,0.788691,0.704994,0.480814,
GENE03878,905.219,-0.234466,0.333093,-0.703906,0.481491,0.90177
GENE01504,716.139,-0.241648,0.34342,-0.703652,0.48165,0.90177
GENE00192,1827.96,0.216642,0.308473,0.702303,0.48249,0.902883
GENE01175,391.724,-0.264017,0.376313,-0.701589,0.482936,0.903255
GENE01860,295.23,-0.277102,0.395499,-0.700639,0.483528,0.903902
GENE01812,2008.5,-0.214041,0.305783,-0.699978,0.483941,0.904212
GENE00220,30.4652,-0.491103,0.702937,-0.698644,0.484774,
GENE01378,415.368,-0.260011,0.372666,-0.697705,0.485362,0.905612
GENE01933,880.2,0.233213,0.334265,0.697688,0.485372,0.905612
GENE02894,176.69,0.305599,0.438076,0.697593,0.485432,0.905612
GENE01460,181.54,0.303302,0.435547,0.69637,0.486197,0.905918
GENE01311,2999.81,-0.205739,0.295645,-0.695898,0.486493,0.905918
GENE00148,352.561,0.266613,0.383144,0.695856,0.486519,0.905918
GENE00901,66.8273,0.386601,0.555818,0.695552,0.486709,0.905918
GENE03299,471.113,0.25393,0.36518,0.695357,0.486832,0.905918
GENE00854,196.618,-0.297132,0.428291,-0.693763,0.487831,0.906968
GENE00962,527.239,0.248832,0.358877,0.693362,0.488082,0.906968
GENE03797,44.8075,0.432239,0.623478,0.693272,0.488139,0.906968
GENE02437,419.266,-0.257563,0.372094,-0.692197,0.488813,0.907663
GENE03875,1506.96,-0.217529,0.3144,-0.691887,0.489008,0.907663
GENE00028,92.6904,-0.352348,0.509671,-0.691325,0.489361,0.907858
GENE00392,1807.82,0.213176,0.308798,0.69034,0.48998,0.907902
GENE00396,1626.78,-0.215349,0.311983,-0.690257,0.490032,0.907902
GENE00226,125.169,-0.326734,0.473456,-0.690105,0.490128,0.907902
GENE01532,528.363,0.247209,0.358761,0.689062,0.490784,0.908657
GENE00496,14.6684,0.621559,0.902753,0.688515,0.491129,
GENE02238,8246.26,0.191055,0.27753,0.688411,0.491194,0.908957
GENE03170,185.068,0.297736,0.43377,0.686392,0.492466,0.910029
GENE03398,21.8367,-0.538698,0.784991,-0.686247,0.492557,
GENE00757,646.954,-0.23896,0.348289,-0.686097,0.492652,0.910029
GENE02137,227.759,-0.285067,0.415654,-0.685828,0.492822,0.910029
GENE03910,457.5,0.251505,0.366881,0.685522,0.493015,0.910029
GENE00230,3920.44,-0.198673,0.289928,-0.685249,0.493187,0.910029
GENE03537,4078.38,-0.198072,0.289147,-0.685021,0.493331,0.910029
GENE00296,14.5854,0.619601,0.904608,0.684938,0.493383,
GENE00126,66.1476,0.381529,0.557385,0.684498,0.49366,0.910029
GENE02006,180.305,-0.298247,0.436181,-0.683768,0.494122,0.910029
GENE02329,3562,-0.199437,0.291888,-0.683266,0.494439,0.910029
GENE01594,658.174,0.237288,0.347447,0.682947,0.49464,0.910029
GENE00546,100.176,-0.34127,0.49978,-0.682841,0.494707,0.910029
GENE02713,36.7405,0.452297,0.662446,0.682768,0.494754,0.910029
GENE01023,444.89,-0.251415,0.368526,-0.682217,0.495102,0.910125
GENE00835,302.566,-0.26844,0.393724,-0.681797,0.495367,0.910125
GENE02223,145.127,0.311805,0.457523,0.681506,0.495551,0.910125
GENE01339,398.543,0.255074,0.375228,0.679784,0.496641,0.911216
GENE03318,2199.73,-0.206102,0.303303,-0.679524,0.496806,0.911216
GENE03936,736.151,0.232435,0.342142,0.679354,0.496913,0.911216
GENE02082,762.175,0.231236,0.340555,0.678997,0.49714,0.911216
GENE03902,1170.01,-0.219058,0.323088,-0.678014,0.497763,0.911496
GENE02355,283.051,-0.270097,0.398596,-0.677622,0.498012,0.911496
GENE02739,28.9688,-0.483967,0.714488,-0.677362,0.498176,
GENE03868,1916.66,0.207881,0.307104,0.676906,0.498465,0.911496
GENE00843,293.772,-0.267921,0.39586,-0.676808,0.498528,0.911496
GENE02061,112.935,-0.328053,0.485248,-0.676053,0.499007,0.911496
GENE03500,415.791,0.251626,0.372603,0.675319,0.499473,0.911496
GENE02174,173.091,-0.296908,0.440022,-0.674757,0.49983,0.911496
GENE01852,8290.82,-0.187061,0.277456,-0.674199,0.500185,0.911496
GENE02737,742.448,0.230226,0.34175,0.673667,0.500523,0.911496
GENE00720,3194.25,0.198116,0.294234,0.673329,0.500738,0.911496
GENE02466,637.033,0.234972,0.349051,0.673174,0.500837,0.911496
GENE01042,262.864,0.271928,0.404197,0.672763,0.501098,0.911496
GENE03958,8023.92,-0.186916,0.277909,-0.672578,0.501216,0.911496
GENE01277,6193.48,-0.189458,0.281767,-0.672394,0.501333,0.911496
GENE00941,461.499,-0.246209,0.366374,-0.672017,0.501573,0.911496
GENE01716,441.248,0.247892,0.369014,0.671767,0.501732,0.911496
GENE02470,215.135,0.282329,0.420445,0.6715,0.501902,0.911496
GENE00922,746.83,0.229255,0.341481,0.671357,0.501993,0.911496
GENE02036,41.0935,0.429429,0.63999,0.670993,0.502225,0.911496
GENE03070,296.611,-0.265046,0.39516,-0.670731,0.502392,0.911496
GENE03780,82.4868,-0.352042,0.525263,-0.670221,0.502717,0.911496
GENE01992,1741.92,0.207667,0.3099,0.670111,0.502787,0.911496
GENE01785,68.842,0.369242,0.55131,0.669754,0.503015,0.911496
GENE03163,113.344,0.324255,0.484823,0.668811,0.503616,0.911687
GENE02235,5081,0.190659,0.285072,0.668809,0.503618,0.911687
GENE02335,29.8396,0.473149,0.707661,0.66861,0.503744,
GENE01971,389.434,0.25139,0.376684,0.667376,0.504532,0.912891
GENE00197,233.71,0.27555,0.413531,0.666334,0.505197,0.913461
GENE03275,360.229,0.253927,0.38172,0.665218,0.505911,0.913461
GENE00531,187.042,-0.287857,0.432798,-0.665108,0.505981,0.913461
GENE03933,84.9795,-0.346582,0.521196,-0.664975,0.506066,0.913461
GENE03890,2023.02,-0.203186,0.305583,-0.664915,0.506105,0.913461
GENE01078,99.1205,0.332594,0.501107,0.663719,0.50687,0.913461
GENE02210,3203.98,0.195096,0.294167,0.663216,0.507192,0.913461
GENE03174,46.7043,-0.408095,0.615815,-0.662691,0.507529,0.913461
GENE01057,333.291,-0.256405,0.386939,-0.66265,0.507555,0.913461
GENE00830,178.664,-0.289586,0.437034,-0.662615,0.507577,0.913461
GENE00194,55.2316,-0.388396,0.586392,-0.662348,0.507748,0.913461
GENE01767,3702.09,0.192761,0.291088,0.662207,0.507838,0.913461
GENE00104,56.4595,0.385461,0.582714,0.661492,0.508297,0.913541
GENE00678,980.575,-0.218047,0.329836,-0.661077,0.508563,0.913541
GENE03076,291.816,0.261974,0.396348,0.660971,0.508631,0.913541
GENE00810,11.8769,-0.644349,0.975419,-0.660587,0.508877,
GENE03717,102.786,0.327548,0.496588,0.659597,0.509512,0.914676
GENE02837,900.337,-0.219614,0.333318,-0.658873,0.509977,0.914991
GENE02796,1879.15,-0.202537,0.307671,-0.658289,0.510352,0.914991
GENE03548,61.5699,-0.374233,0.568607,-0.658157,0.510437,0.914991
GENE02435,13899.2,-0.178339,0.271205,-0.657581,0.510807,0.915207
GENE01068,2569.01,0.196621,0.299324,0.656884,0.511256,0.915262
GENE03231,2897.25,-0.194591,0.296446,-0.656413,0.511558,0.915262
GENE03757,220.663,-0.274423,0.418297,-0.656049,0.511792,0.915262
GENE00480,4371.55,0.18861,0.287811,0.655326,0.512258,0.915262
GENE00453,559.878,-0.233037,0.355656,-0.655231,0.512319,0.915262
GENE02822,57.3381,0.379875,0.580155,0.654781,0.512609,0.915262
GENE01778,2117.81,-0.199042,0.304325,-0.654045,0.513083,0.915262
GENE00870,302.389,0.257527,0.393766,0.65401,0.513106,0.915262
GENE00937,186.485,0.283079,0.43307,0.653657,0.513333,0.915262
GENE01135,106.588,0.321486,0.492151,0.653226,0.513611,0.915262
GENE03269,237.457,-0.269057,0.412236,-0.652678,0.513964,0.915262
GENE03183,2425.61,-0.196285,0.300761,-0.652627,0.513997,0.915262
GENE00101,495.2,-0.236306,0.362344,-0.65216,0.514298,0.915262
GENE01303,1320.79,-0.207883,0.31879,-0.652102,0.514335,0.915262
GENE03433,224.046,0.270946,0.417021,0.649719,0.515874,0.916643
GENE03021,1001.01,-0.213748,0.329017,-0.649658,0.515913,0.916643
GENE01250,131.014,-0.304239,0.468415,-0.649507,0.51601,0.916643
GENE03790,883.011,0.21666,0.334131,0.648429,0.516708,0.916643
GENE03415,154.779,-0.29234,0.450948,-0.648277,0.516806,0.916643
GENE03848,257.198,-0.263047,0.405886,-0.648081,0.516932,0.916643
GENE01181,26.8532,0.474653,0.732439,0.648045,0.516956,
GENE03249,223.222,0.27036,0.417329,0.647835,0.517092,0.916643
GENE02553,98.9736,-0.324739,0.501293,-0.647803,0.517113,0.916643
GENE00589,177.482,-0.283242,0.437656,-0.647179,0.517516,0.916915
GENE03830,131.731,0.302457,0.467819,0.646526,0.517939,0.91722
GENE01398,99.1312,0.323087,0.501093,0.644765,0.51908,0.918796
GENE01004,8.73966,0.705147,1.09565,0.643585,0.519844,
GENE02457,128.932,0.30212,0.47017,0.642575,0.5205,0.919961
GENE01043,573.734,0.227596,0.354372,0.642252,0.520709,0.919961
GENE02237,687.374,0.221762,0.345355,0.642128,0.52079,0.919961
GENE00162,534.528,0.229678,0.358132,0.641321,0.521314,0.919961
GENE02421,216.029,-0.269319,0.420092,-0.641095,0.521461,0.919961
GENE01969,26474,-0.170007,0.265365,-0.640655,0.521747,0.919961
GENE00526,316.979,0.249541,0.390419,0.639163,0.522717,0.919961
GENE00990,1166.74,0.206557,0.32319,0.639118,0.522746,0.919961
GENE01349,276.503,-0.255592,0.400345,-0.638429,0.523194,0.919961
GENE02296,33.0519,0.437077,0.684852,0.638206,0.52334,0.919961
GENE03189,722.504,-0.218871,0.343008,-0.638094,0.523412,0.919961
GENE02167,85.3952,-0.331721,0.520535,-0.637269,0.52395,0.919961
GENE01331,113.492,0.308808,0.484669,0.637152,0.524026,0.919961
GENE02678,49.3356,0.386025,0.605926,0.637082,0.524071,0.919961
GENE00600,33.663,0.433695,0.680887,0.636955,0.524154,0.919961
GENE01423,69.7617,0.349586,0.549317,0.6364,0.524515,0.919961
GENE00785,13.6443,0.589275,0.926805,0.635813,0.524898,
GENE01888,836.489,-0.213863,0.336439,-0.635667,0.524993,0.919961
GENE03924,121.204,0.303206,0.477081,0.635545,0.525073,0.919961
GENE01035,245.882,0.260197,0.409433,0.635506,0.525098,0.919961
GENE00474,591.864,-0.223984,0.352761,-0.634946,0.525463,0.919961
GENE00983,338.239,0.244836,0.385934,0.6344,0.52582,0.919961
GENE03434,815.756,0.213978,0.337531,0.633953,0.526112,0.919961
GENE01821,3617.03,-0.184763,0.291568,-0.633688,0.526284,0.919961
GENE02779,309.192,-0.248484,0.392176,-0.633602,0.52634,0.919961
GENE01842,377.309,0.239727,0.378704,0.633021,0.52672,0.919961
GENE01010,43.7003,-0.397571,0.628179,-0.632895,0.526802,0.919961
GENE01736,216.923,0.265631,0.419741,0.632845,0.526835,0.919961
GENE02468,72.1545,-0.344068,0.544312,-0.632115,0.527312,0.919961
GENE01904,1723.96,-0.196049,0.310211,-0.631987,0.527395,0.919961
GENE02392,62.5992,0.35762,0.565977,0.631863,0.527477,0.919961
GENE03475,222.643,-0.263804,0.417546,-0.631795,0.527521,0.919961
GENE02644,252.594,0.256661,0.4073,0.630153,0.528594,0.920821
GENE00719,4624.1,0.180599,0.286764,0.629782,0.528837,0.920821
GENE03840,2746.61,-0.187366,0.297703,-0.629375,0.529104,0.920821
GENE03678,235.356,-0.25984,0.412959,-0.629215,0.529208,0.920821
GENE00771,3371.83,-0.184365,0.293053,-0.629119,0.529271,0.920821
GENE01940,60.2125,-0.359744,0.572179,-0.628727,0.529528,0.92083
GENE01008,543.138,-0.224212,0.357272,-0.627569,0.530287,0.921377
GENE03120,269.979,-0.252196,0.402151,-0.627118,0.530582,0.921377
GENE01461,63.9362,-0.352839,0.562656,-0.627096,0.530596,0.921377
GENE02923,3149.8,-0.184358,0.294545,-0.625906,0.531376,0.922011
GENE02114,349.839,-0.239985,0.383661,-0.625512,0.531635,0.922011
GENE03715,2435.95,-0.188012,0.300653,-0.625346,0.531744,0.922011
GENE01359,7339.64,-0.174489,0.279181,-0.625004,0.531968,0.922011
GENE00625,110.519,-0.304575,0.487805,-0.624379,0.532379,0.922073
GENE02843,54.6267,-0.366645,0.58825,-0.623281,0.5331,0.922073
GENE02573,585.989,0.220121,0.353275,0.623086,0.533228,0.922073
GENE02569,746.547,-0.212777,0.341498,-0.623069,0.533239,0.922073
GENE00654,299.246,-0.245799,0.394519,-0.623034,0.533262,0.922073
GENE02760,558.683,-0.220869,0.355769,-0.620822,0.534717,0.923076
GENE01895,2189.01,0.188371,0.303434,0.620797,0.534733,0.923076
GENE01159,195.067,0.26613,0.428998,0.620351,0.535026,0.923076
GENE03632,1681.45,-0.192899,0.310967,-0.620319,0.535048,0.923076
GENE01907,794.469,0.209997,0.338695,0.620017,0.535246,0.923076
GENE01083,252.711,0.252444,0.407264,0.619854,0.535354,0.923076
GENE00243,76.9953,0.330559,0.53491,0.617971,0.536595,0.92478
GENE03652,43.0494,0.388925,0.631028,0.616336,0.537673,0.926202
GENE02827,121.732,-0.293156,0.476588,-0.615114,0.53848,0.927157
GENE00708,98.0778,0.308336,0.502438,0.61368,0.539427,0.928351
GENE00388,1128.32,0.198904,0.324426,0.613096,0.539813,0.92858
GENE02158,605.551,-0.21529,0.351593,-0.612326,0.540322,0.928899
GENE00948,127.92,-0.288129,0.47104,-0.611688,0.540744,0.928899
GENE03239,203.805,-0.259999,0.425119,-0.611592,0.540808,0.928899
GENE00816,286.017,-0.243183,0.397824,-0.611283,0.541013,0.928899
GENE01840,367.173,-0.232223,0.380468,-0.610362,0.541622,0.929255
GENE03026,561.092,-0.216925,0.355541,-0.610125,0.541779,0.929255
GENE03690,5145.58,-0.173708,0.284852,-0.60982,0.541981,0.929255
GENE02859,91.065,-0.311419,0.511978,-0.608268,0.54301,0.929652
GENE01735,264.292,-0.245604,0.403779,-0.608264,0.543012,0.929652
GENE03870,824.55,0.204939,0.337063,0.608015,0.543177,0.929652
GENE01361,312.58,0.237949,0.391403,0.60794,0.543228,0.929652
GENE03331,42.0155,0.385106,0.635687,0.605811,0.54464,0.931635
GENE02156,5523.65,-0.171593,0.283638,-0.604973,0.545197,0.931774
GENE00131,16931.3,0.162807,0.269213,0.60475,0.545345,0.931774
GENE01576,94.6403,0.306491,0.506982,0.60454,0.545484,0.931774
GENE02658,53.9738,-0.356345,0.590289,-0.603678,0.546058,0.932318
GENE01283,463.992,0.220598,0.366061,0.602627,0.546757,0.932759
GENE00130,98.7239,0.30218,0.50161,0.602419,0.546895,0.932759
GENE00171,957.476,-0.199185,0.330793,-0.602142,0.54708,0.932759
GENE02066,2273.96,0.181976,0.302426,0.601721,0.54736,0.932803
GENE03852,510.079,0.21638,0.360693,0.5999,0.548573,0.933938
GENE00053,673.979,0.207661,0.346298,0.599659,0.548734,0.933938
GENE01498,4003.32,0.173567,0.289512,0.599517,0.548828,0.933938
GENE01017,947.263,0.198435,0.331228,0.599089,0.549114,0.933938
GENE02363,347.723,-0.229741,0.384067,-0.59818,0.54972,0.933938
GENE00924,2305.67,0.180571,0.302064,0.597791,0.549979,0.933938
GENE01770,53.3279,-0.353834,0.592344,-0.597345,0.550277,0.933938
GENE00446,95.9603,-0.30161,0.505208,-0.597002,0.550506,0.933938
GENE01887,283.218,0.237909,0.398552,0.596933,0.550552,0.933938
GENE03707,45.5143,-0.370114,0.620566,-0.596413,0.550899,0.933938
GENE01612,145.738,-0.27252,0.457087,-0.59621,0.551035,0.933938
GENE00612,359.275,0.227575,0.381894,0.595911,0.551235,0.933938
GENE02975,90.538,-0.305327,0.512739,-0.595482,0.551521,0.933938
GENE02664,222.017,-0.248736,0.417783,-0.595372,0.551595,0.933938
GENE03197,187.825,-0.257054,0.432416,-0.594458,0.552206,0.934541
GENE03649,585.738,0.209667,0.353297,0.593457,0.552875,0.93517
GENE01169,782.049,0.20131,0.339397,0.59314,0.553088,0.93517
GENE03199,65.3504,-0.331201,0.559254,-0.592219,0.553704,0.935453
GENE00156,116.175,0.285372,0.481944,0.592127,0.553765,0.935453
GENE01593,1047.92,-0.19357,0.327228,-0.591546,0.554155,0.935678
GENE03607,745.758,0.201639,0.341546,0.590372,0.554942,0.936106
GENE00554,92.7089,-0.300484,0.509645,-0.589596,0.555462,0.936106
GENE01749,812.153,-0.198825,0.337725,-0.588718,0.55605,0.936106
GENE01022,390.106,0.221641,0.376575,0.58857,0.55615,0.936106
GENE02292,1956.99,-0.180296,0.306513,-0.588217,0.556386,0.936106
GENE03743,61.2597,-0.334851,0.569413,-0.588064,0.55649,0.936106
GENE01664,728.102,-0.201466,0.34265,-0.587964,0.556556,0.936106
GENE03416,2317.42,0.177438,0.301932,0.587676,0.55675,0.936106
GENE01961,362.345,0.224036,0.381334,0.587507,0.556864,0.936106
GENE02181,61.3934,0.333736,0.569065,0.586463,0.557564,0.936106
GENE00879,127.451,-0.276439,0.471446,-0.586364,0.557631,0.936106
GENE02131,94.9611,-0.296965,0.506547,-0.586253,0.557706,0.936106
GENE00511,9.97844,-0.610057,1.04142,-0.585792,0.558016,
GENE03257,144.759,-0.267993,0.457786,-0.58541,0.558272,0.936106
GENE00795,696.644,0.201777,0.344718,0.58534,0.558319,0.936106
GENE00183,1204.13,-0.188465,0.322045,-0.585214,0.558404,0.936106
GENE03604,884.991,0.195143,0.334037,0.584195,0.559089,0.936106
GENE01762,15.0152,0.522816,0.895171,0.58404,0.559193,
GENE03629,47.1784,-0.358344,0.613972,-0.583649,0.559456,0.936106
GENE00361,76.4049,0.312679,0.536009,0.583347,0.55966,0.936106
GENE01265,86.7306,0.301664,0.518444,0.581865,0.560658,0.936106
GENE03539,32.8696,-0.399158,0.686057,-0.581815,0.560691,0.936106
GENE02498,4412.84,0.167333,0.287634,0.581758,0.560729,0.936106
GENE03152,26.3836,-0.428509,0.736713,-0.581649,0.560803,
GENE02047,13.2675,0.54393,0.936349,0.580905,0.561304,
GENE02087,239.686,-0.238899,0.41148,-0.580586,0.56152,0.936106
GENE01263,11384.8,0.158538,0.27343,0.57981,0.562043,0.936106
GENE02222,655.92,-0.201207,0.347615,-0.578822,0.562709,0.936106
GENE03901,492.167,0.209837,0.36269,0.578558,0.562887,0.936106
GENE00356,1979.74,-0.176994,0.306187,-0.57806,0.563224,0.936106
GENE03075,5769.14,0.163433,0.282914,0.577676,0.563483,0.936106
GENE02480,159.893,-0.258542,0.447708,-0.577479,0.563616,0.936106
GENE00553,62.9563,-0.325985,0.56508,-0.576883,0.564019,0.936106
GENE00541,2177.52,-0.174973,0.303575,-0.576375,0.564362,0.936106
GENE01256,2706.42,0.171685,0.298055,0.576017,0.564603,0.936106
GENE00002,539.111,-0.206017,0.357672,-0.575994,0.564619,0.936106
GENE02984,227.746,0.239383,0.415659,0.575912,0.564675,0.936106
GENE00309,25.6886,-0.427533,0.743253,-0.575218,0.565144,
GENE00987,888.227,-0.192056,0.333884,-0.575218,0.565144,0.936106
GENE03240,1632.53,-0.179395,0.311874,-0.575216,0.565145,0.936106
GENE00486,1233.04,-0.184308,0.321195,-0.573819,0.56609,0.936106
GENE01802,15.9055,-0.502412,0.876854,-0.572971,0.566664,
GENE00174,171.751,0.252481,0.440762,0.572828,0.566761,0.936106
GENE01051,124.032,0.271764,0.474478,0.572766,0.566803,0.936106
GENE00727,692.911,0.19755,0.344973,0.572652,0.566881,0.936106
GENE01353,540.674,-0.204677,0.357516,-0.572499,0.566984,0.936106
GENE00093,126.485,-0.270375,0.472291,-0.572476,0.567,0.936106
GENE03508,367.744,0.217616,0.380367,0.57212,0.567241,0.936106
GENE03156,85.1092,0.297958,0.520989,0.571907,0.567385,0.936106
GENE00178,122.284,-0.272183,0.476077,-0.571721,0.567511,0.936106
GENE03535,827.395,-0.192605,0.336913,-0.571675,0.567542,0.936106
GENE00784,2518.91,-0.171296,0.299812,-0.571346,0.567765,0.936106
GENE00383,18.8643,0.470734,0.825599,0.570173,0.568561,
GENE02027,296.452,-0.225188,0.395199,-0.56981,0.568806,0.936106
GENE01407,15.8051,0.500022,0.878841,0.568956,0.569386,
GENE02916,303.737,-0.223837,0.393447,-0.568913,0.569415,0.936106
GENE00828,373.898,-0.21571,0.37929,-0.56872,0.569546,0.936106
GENE03399,1262.51,-0.181948,0.320359,-0.567948,0.57007,0.936106
GENE02380,9180.73,0.156789,0.276092,0.567889,0.57011,0.936106
GENE00653,804.479,0.191877,0.338142,0.567446,0.570411,0.936106
GENE02638,263.582,-0.2291,0.403986,-0.567099,0.570647,0.936106
GENE03905,1432.18,-0.179212,0.31606,-0.567017,0.570703,0.936106
GENE01728,643.662,0.197566,0.34854,0.566838,0.570824,0.936106
GENE01109,907.565,-0.188697,0.332985,-0.566684,0.570929,0.936106
GENE03043,254.73,0.230347,0.406639,0.566466,0.571077,0.936106
GENE03421,159.447,0.253475,0.447985,0.565812,0.571522,0.936106
GENE00718,2939.24,-0.1674,0.296113,-0.565326,0.571852,0.936106
GENE00370,402.007,0.211746,0.374688,0.565128,0.571987,0.936106
GENE00387,174.831,0.248029,0.439074,0.564891,0.572148,0.936106
GENE01551,53.892,-0.333451,0.590548,-0.564646,0.572314,0.936106
GENE03175,121.76,0.269059,0.476562,0.564584,0.572357,0.936106
GENE01566,279.568,-0.225524,0.399519,-0.564489,0.572422,0.936106
GENE00914,284.104,-0.224801,0.398321,-0.564372,0.572501,0.936106
GENE00506,49.6579,-0.341295,0.604769,-0.564339,0.572523,0.936106
GENE03904,50.8545,-0.338921,0.600571,-0.564331,0.572529,0.936106
GENE03832,293.939,0.223261,0.395818,0.564049,0.572721,0.936106
GENE01319,846.82,-0.189466,0.33591,-0.564038,0.572728,0.936106
GENE02654,934.49,-0.187035,0.331781,-0.563731,0.572938,0.936106
GENE02740,626.496,-0.197174,0.349881,-0.563548,0.573062,0.936106
GENE01320,29.2646,0.401311,0.712135,0.563532,0.573073,
GENE03507,140.506,-0.259723,0.460908,-0.563502,0.573093,0.936106
GENE02270,798.16,-0.190647,0.33849,-0.563227,0.57328,0.936106
GENE03153,443.314,-0.207635,0.368736,-0.563098,0.573368,0.936106
GENE02518,5020.04,-0.160422,0.285285,-0.562321,0.573897,0.936106
GENE00154,27.1971,-0.409963,0.729379,-0.562072,0.574067,
GENE01757,125.144,0.265909,0.473478,0.561609,0.574383,0.936106
GENE03192,3996.03,-0.16257,0.289548,-0.561461,0.574483,0.936106
GENE00507,302.667,0.22102,0.3937,0.561392,0.57453,0.936106
GENE02662,2235.98,-0.169824,0.30287,-0.560716,0.574991,0.936106
GENE01281,1030.13,0.183717,0.327892,0.560298,0.575276,0.936106
GENE02998,105.496,-0.276374,0.493401,-0.560142,0.575383,0.936106
GENE02032,772.373,-0.190168,0.339955,-0.559392,0.575894,0.936106
GENE02879,141.263,-0.25745,0.460342,-0.559259,0.575985,0.936106
GENE01306,30.6022,0.392337,0.701922,0.558947,0.576198,
GENE01848,71.6774,-0.304756,0.54529,-0.558887,0.576239,0.936106
GENE01011,270.298,-0.224385,0.402061,-0.558087,0.576785,0.936106
GENE03791,121.447,0.265946,0.476854,0.55771,0.577043,0.936106
GENE00593,646.469,-0.194025,0.348326,-0.557023,0.577512,0.936106
GENE03011,32.2827,0.384274,0.690003,0.556916,0.577585,
GENE03617,561.939,-0.197939,0.355462,-0.556849,0.57763,0.936106
GENE02278,143.25,-0.255433,0.458878,-0.556647,0.577768,0.936106
GENE02049,388.825,-0.209648,0.376784,-0.556414,0.577928,0.936106
GENE00114,88.2019,0.287097,0.516196,0.556178,0.578089,0.936106
GENE01859,555.733,0.197973,0.356049,0.556028,0.578192,0.936106
GENE02268,1611.04,-0.173496,0.312285,-0.555567,0.578507,0.936106
GENE03534,52.8437,-0.329744,0.593909,-0.55521,0.578751,0.936106
GENE03572,18.942,0.457621,0.824417,0.555084,0.578837,
GENE01142,133.059,-0.258777,0.46673,-0.554446,0.579273,0.936106
GENE03559,906.72,-0.184599,0.333024,-0.554313,0.579365,0.936106
GENE02231,170.316,0.244642,0.441563,0.554036,0.579554,0.936106
GENE00206,277.932,0.221393,0.399958,0.553541,0.579893,0.936106
GENE02227,1233.78,0.177759,0.321174,0.553468,0.579943,0.936106
GENE02024,205.564,-0.234866,0.424368,-0.553449,0.579956,0.936106
GENE01087,17322.7,-0.14862,0.268995,-0.552503,0.580604,0.936488
GENE03527,156.149,0.248521,0.450065,0.552189,0.580819,0.936488
GENE02653,111.404,0.268565,0.486859,0.551628,0.581203,0.936488
GENE02703,4317.18,-0.158738,0.288049,-0.551082,0.581578,0.936488
GENE01499,3003.97,0.162878,0.295613,0.550982,0.581646,0.936488
GENE03931,941.718,0.182593,0.331467,0.550864,0.581727,0.936488
GENE03663,389.738,0.207305,0.376635,0.550413,0.582036,0.936574
GENE00340,44.0518,0.344529,0.626668,0.54978,0.58247,0.936738
GENE01366,620.815,-0.192393,0.350336,-0.549166,0.582892,0.936738
GENE00354,3835.86,-0.15935,0.290365,-0.54879,0.58315,0.936738
GENE03723,751.255,-0.187248,0.341211,-0.548774,0.58316,0.936738
GENE02175,1081.34,0.178614,0.326026,0.547854,0.583792,0.936759
GENE01993,1306.15,-0.174787,0.319174,-0.547624,0.58395,0.936759
GENE03800,4089.19,0.158226,0.289095,0.547316,0.584162,0.936759
GENE01131,1490.75,-0.172203,0.31475,-0.54711,0.584303,0.936759
GENE01977,105.713,-0.269355,0.493151,-0.546192,0.584934,0.936759
GENE01490,800.726,-0.184699,0.338348,-0.545884,0.585146,0.936759
GENE03229,118.918,-0.261461,0.479254,-0.545558,0.58537,0.936759
GENE03643,100.705,-0.272148,0.499124,-0.545251,0.585581,0.936759
GENE00577,222.07,0.227546,0.417763,0.544677,0.585975,0.936759
GENE00657,355.726,-0.208147,0.382551,-0.544102,0.586371,0.936759
GENE01171,61.0619,0.309154,0.56993,0.542442,0.587514,0.936759
GENE02511,151.916,-0.245365,0.452833,-0.541844,0.587926,0.936759
GENE01945,125.571,-0.256028,0.473098,-0.541174,0.588388,0.936759
GENE03182,47.1049,-0.332083,0.614256,-0.540625,0.588766,0.936759
GENE01798,390.443,0.203496,0.376521,0.540464,0.588877,0.936759
GENE00064,508.912,0.19489,0.36082,0.540131,0.589107,0.936759
GENE00848,103.166,0.267855,0.496134,0.539885,0.589276,0.936759
GENE03013,483.93,0.196318,0.363645,0.539863,0.589291,0.936759
GENE01310,646.359,0.188008,0.348334,0.539735,0.58938,0.936759
GENE02151,195.314,-0.2314,0.428885,-0.53954,0.589515,0.936759
GENE02561,508.977,-0.194601,0.360813,-0.53934,0.589652,0.936759
GENE01492,666.207,-0.187046,0.346858,-0.539257,0.589709,0.936759
GENE02461,913.894,0.179331,0.332697,0.539022,0.589872,0.936759
GENE03400,93.5036,-0.273717,0.508539,-0.538242,0.59041,0.936759
GENE02353,245.242,-0.220379,0.40964,-0.537982,0.59059,0.936759
GENE00384,276.341,0.215325,0.40039,0.537788,0.590723,0.936759
GENE01191,382.198,-0.202953,0.377878,-0.537086,0.591208,0.936759
GENE01861,6416.98,0.151021,0.281209,0.537043,0.591238,0.936759
GENE02172,299.514,-0.211837,0.394455,-0.537037,0.591242,0.936759
GENE01820,118.675,-0.257228,0.479488,-0.536463,0.591639,0.936759
GENE03706,412.055,0.200111,0.373158,0.536263,0.591777,0.936759
GENE01877,4997.83,-0.15286,0.285363,-0.535667,0.592189,0.936759
GENE02494,411.146,-0.19994,0.373294,-0.535609,0.592229,0.936759
GENE02123,157.412,0.240124,0.449261,0.534488,0.593004,0.936759
GENE03839,367.811,0.203229,0.380355,0.534314,0.593124,0.936759
GENE03727,24.9595,0.400548,0.750405,0.533776,0.593496,
GENE03418,4164.04,0.154036,0.288742,0.533472,0.593707,0.936759
GENE01739,708.174,-0.183072,0.343944,-0.532271,0.594538,0.936759
GENE00280,281.509,0.212023,0.399003,0.531383,0.595153,0.936759
GENE00783,1010.54,-0.174556,0.328644,-0.531142,0.59532,0.936759
GENE02163,188.83,0.229392,0.43193,0.531086,0.595359,0.936759
GENE02611,214.057,-0.223422,0.420874,-0.530854,0.59552,0.936759
GENE01167,192.103,-0.228449,0.430374,-0.530816,0.595546,0.936759
GENE01733,595.778,0.187019,0.352423,0.530665,0.595651,0.936759
GENE00912,96.6794,0.26754,0.504257,0.530563,0.595722,0.936759
GENE00952,1071.89,0.17299,0.32636,0.530059,0.596071,0.936759
GENE01705,57.1123,0.307764,0.580807,0.529891,0.596188,0.936759
GENE01597,239.113,0.218105,0.411673,0.529802,0.59625,0.936759
GENE03590,84.067,0.276757,0.522664,0.529512,0.59645,0.936759
GENE03243,17790.1,0.142215,0.268744,0.529185,0.596677,0.936759
GENE01459,442.575,-0.194942,0.368836,-0.528533,0.597129,0.936759
GENE03685,1144.35,-0.17119,0.323903,-0.528522,0.597137,0.936759
GENE01106,764.718,0.179862,0.340404,0.528377,0.597238,0.936759
GENE01773,17.9013,-0.444076,0.840877,-0.528111,0.597423,
GENE03850,85.4345,-0.274757,0.520473,-0.527898,0.59757,0.936759
GENE03496,370.522,-0.200482,0.379877,-0.527756,0.597669,0.936759
GENE01662,240.212,0.217064,0.411303,0.527748,0.597674,0.936759
GENE02462,1695.37,0.163936,0.310717,0.527607,0.597772,0.936759
GENE00749,61.0743,0.300597,0.569897,0.527457,0.597876,0.936759
GENE02828,156.581,0.236687,0.449788,0.526219,0.598736,0.936759
GENE00306,572.22,0.186407,0.35451,0.525815,0.599017,0.936759
GENE03630,928.909,-0.174453,0.332026,-0.52542,0.599291,0.936759
GENE00320,17.8961,-0.441764,0.840964,-0.525307,0.59937,
GENE00493,247.288,0.214778,0.408979,0.525157,0.599474,0.936759
GENE03059,362.584,0.200168,0.381291,0.524974,0.599601,0.936759
GENE02337,253.845,-0.213615,0.406912,-0.524967,0.599606,0.936759
GENE02979,485.583,-0.190613,0.363451,-0.524454,0.599963,0.936759
GENE02183,148.958,0.238502,0.454837,0.524368,0.600022,0.936759
GENE03171,347.07,0.201405,0.384194,0.524228,0.60012,0.936759
GENE03408,698.943,0.180539,0.344563,0.523965,0.600303,0.936759
GENE02178,156.963,-0.235267,0.449545,-0.523344,0.600735,0.936954
GENE02044,17.9589,0.438993,0.839929,0.522655,0.601214,
GENE01130,474.231,-0.190612,0.364801,-0.522511,0.601315,0.936954
GENE00277,334.044,-0.202043,0.386785,-0.522366,0.601415,0.936954
GENE00544,335.532,-0.201568,0.386481,-0.521547,0.601986,0.936954
GENE01240,1772.96,0.161269,0.309373,0.521276,0.602175,0.936954
GENE01938,446.954,0.191924,0.368252,0.521176,0.602244,0.936954
GENE00335,9408.15,-0.143651,0.275774,-0.520902,0.602435,0.936954
GENE00607,224.182,0.217134,0.416971,0.520743,0.602546,0.936954
GENE03118,25.9654,0.38559,0.740617,0.520633,0.602622,
GENE02291,464.394,0.190479,0.36601,0.520421,0.60277,0.936954
GENE01516,232.875,0.215235,0.413824,0.520112,0.602985,0.936954
GENE03701,230.917,-0.214752,0.414517,-0.518077,0.604404,0.938061
GENE00134,1070.81,0.169043,0.326398,0.517904,0.604525,0.938061
GENE02269,246.335,-0.211947,0.409286,-0.517846,0.604566,0.938061
GENE02533,1341.16,-0.164567,0.318265,-0.517075,0.605104,0.938061
GENE01496,8.84782,0.562765,1.09047,0.516076,0.605801,
GENE02010,1620.11,0.161047,0.312111,0.515994,0.605858,0.938061
GENE00573,1246.16,0.165331,0.320819,0.51534,0.606315,0.938061
GENE01104,1891.5,-0.158427,0.307483,-0.51524,0.606385,0.938061
GENE01330,649.368,0.179112,0.348106,0.514533,0.60688,0.938061
GENE00790,78.1794,-0.273972,0.532744,-0.514266,0.607066,0.938061
GENE00380,52.5881,0.305713,0.594744,0.514025,0.607234,0.938061
GENE02895,229.804,-0.213221,0.414916,-0.51389,0.607329,0.938061
GENE02343,73.8797,-0.277658,0.540856,-0.513369,0.607693,0.938061
GENE00336,349.637,-0.196816,0.3837,-0.512941,0.607993,0.938061
GENE01226,1.28382,1.2593,2.45642,0.512657,0.608192,
GENE00510,16.6199,-0.442446,0.863233,-0.512545,0.60827,
GENE01922,103.632,-0.253936,0.495581,-0.5124,0.608371,0.938061
GENE02794,145.357,-0.233537,0.457359,-0.510622,0.609616,0.938061
GENE02824,168.368,-0.225922,0.442668,-0.510365,0.609796,0.938061
GENE01056,61.2969,0.289933,0.569316,0.509265,0.610566,0.938061
GENE02941,2127.74,0.154914,0.304198,0.509255,0.610573,0.938061
GENE02404,124.881,-0.24121,0.473713,-0.50919,0.610619,0.938061
GENE00421,1809.39,0.157178,0.308772,0.509042,0.610723,0.938061
GENE02619,2076.68,-0.15499,0.30486,-0.508396,0.611175,0.938061
GENE03946,314.613,-0.198653,0.390946,-0.508135,0.611359,0.938061
GENE02303,523.113,-0.182518,0.359306,-0.507974,0.611471,0.938061
GENE02903,1685.67,0.157812,0.310891,0.507613,0.611725,0.938061
GENE00640,64.9352,-0.284381,0.560242,-0.507605,0.611731,0.938061
GENE03096,184.729,-0.220191,0.433938,-0.507426,0.611856,0.938061
GENE01862,200.06,-0.216461,0.42675,-0.507232,0.611992,0.938061
GENE01928,1416.04,-0.160268,0.316436,-0.506477,0.612522,0.938061
GENE02727,337.048,-0.195493,0.386174,-0.506229,0.612696,0.938061
GENE01385,618.228,-0.177348,0.350546,-0.505919,0.612913,0.938061
GENE02081,4437.2,0.145461,0.287531,0.505897,0.612929,0.938061
GENE03600,64.3973,-0.283977,0.561534,-0.505715,0.613057,0.938061
GENE00235,27.2978,-0.368235,0.728494,-0.505475,0.613225,
GENE01110,4931.45,0.144244,0.2856,0.505056,0.613519,0.938061
GENE01509,34.9092,0.339463,0.673126,0.504309,0.614045,0.938061
GENE00994,424.504,-0.187239,0.371339,-0.504226,0.614102,0.938061
GENE03073,229.58,-0.209245,0.414996,-0.50421,0.614114,0.938061
GENE03294,221.212,-0.210773,0.418087,-0.504137,0.614165,0.938061
GENE00686,785.454,-0.170857,0.339203,-0.503701,0.614471,0.938061
GENE02960,15.5987,-0.444755,0.882988,-0.503693,0.614477,
GENE00078,7254.39,-0.140612,0.279352,-0.50335,0.614718,0.938061
GENE01560,130.795,-0.235806,0.468597,-0.503217,0.614812,0.938061
GENE02125,1666.35,0.156458,0.311243,0.502689,0.615183,0.938061
GENE02956,230.15,0.208492,0.414791,0.502644,0.615214,0.938061
GENE03363,36.175,-0.334097,0.665658,-0.501905,0.615734,0.938061
GENE01967,2220.66,0.152024,0.303052,0.501643,0.615918,0.938061
GENE02778,4066.34,0.144947,0.289205,0.501191,0.616237,0.938061
GENE02835,2598.5,-0.149844,0.299043,-0.501079,0.616315,0.938061
GENE00079,152.55,-0.226586,0.452411,-0.500841,0.616483,0.938061
GENE02248,285.216,0.199231,0.398031,0.500542,0.616694,0.938061
GENE00347,126.176,-0.236182,0.472562,-0.499791,0.617222,0.938061
GENE01647,318.013,-0.195011,0.39019,-0.499785,0.617226,0.938061
GENE00375,132.025,-0.233575,0.467577,-0.499545,0.617396,0.938061
GENE03825,8413.05,0.138485,0.277256,0.499483,0.617439,0.938061
GENE00111,280.366,0.199381,0.399306,0.49932,0.617554,0.938061
GENE01979,581.342,0.176561,0.353687,0.499201,0.617638,0.938061
GENE01962,12.7746,-0.473812,0.949467,-0.499029,0.617759,
GENE03181,94.3461,0.253184,0.507382,0.499001,0.617779,0.938061
GENE01737,545.273,-0.177783,0.357061,-0.497905,0.618551,0.938805
GENE01321,78.0575,0.265192,0.532965,0.497578,0.618781,0.938805
GENE01204,864.216,-0.165958,0.335041,-0.495337,0.620362,0.940277
GENE03514,62.8587,0.280011,0.565324,0.49531,0.620381,0.940277
GENE02058,4688.94,0.141734,0.286509,0.494693,0.620817,0.940277
GENE01978,99.9527,0.24725,0.500059,0.494442,0.620994,0.940277
GENE01754,64.9989,0.276807,0.560089,0.49422,0.621151,0.940277
GENE00026,40.1494,-0.318011,0.644548,-0.493385,0.62174,0.940277
GENE00351,607.867,0.173339,0.351399,0.493283,0.621812,0.940277
GENE02245,41.6199,0.314442,0.637516,0.49323,0.62185,0.940277
GENE03702,186.783,-0.213254,0.432924,-0.49259,0.622302,0.940277
GENE00545,1164.85,-0.159223,0.32325,-0.492569,0.622318,0.940277
GENE00539,6411.45,0.138363,0.281222,0.492006,0.622715,0.940319
GENE02405,220.465,0.205734,0.418372,0.491748,0.622897,0.940319
GENE03655,863.521,0.16467,0.335075,0.49144,0.623115,0.940319
GENE02864,1281.69,-0.156884,0.319831,-0.490523,0.623764,0.940667
GENE02243,87.4946,-0.253663,0.517269,-0.490388,0.62386,0.940667
GENE01340,310.987,-0.191167,0.391765,-0.487963,0.625576,0.942203
GENE02892,29.6568,0.345873,0.709069,0.487785,0.625702,
GENE01652,29.4136,-0.346578,0.710963,-0.487477,0.625921,
GENE03499,713.335,0.167469,0.343604,0.487389,0.625983,0.942203
GENE00712,375.646,-0.184591,0.378988,-0.487062,0.626214,0.942203
GENE01814,206.004,-0.206488,0.424182,-0.486791,0.626407,0.942203
GENE00276,270.02,0.195681,0.402139,0.486599,0.626543,0.942203
GENE02995,776.814,-0.165262,0.339698,-0.486496,0.626615,0.942203
GENE02232,109.038,-0.237936,0.489415,-0.486164,0.626851,0.942203
GENE03112,2132.38,0.147825,0.304139,0.486045,0.626935,0.942203
GENE03908,2545.29,0.145393,0.299553,0.485366,0.627417,0.942343
GENE03620,1735.9,-0.15041,0.310004,-0.485189,0.627543,0.942343
GENE02968,9.28375,0.518364,1.0705,0.484226,0.628226,
GENE00473,21.3562,0.382786,0.790976,0.483941,0.628428,
GENE01315,746.44,0.165231,0.341505,0.483832,0.628505,0.943401
GENE00013,4.02844,-0.723245,1.49558,-0.483588,0.628678,
GENE01776,29.6265,0.342882,0.709303,0.483407,0.628807,
GENE00394,502.923,-0.174499,0.361478,-0.482737,0.629282,0.944181
GENE01682,189.066,-0.207816,0.431816,-0.481261,0.630331,0.944204
GENE01808,77.759,-0.25623,0.533508,-0.480275,0.631032,0.944204
GENE00222,113.253,-0.232713,0.484918,-0.479902,0.631297,0.944204
GENE03682,576.598,-0.169829,0.354113,-0.479591,0.631518,0.944204
GENE02297,205.452,-0.202857,0.424415,-0.477968,0.632673,0.944204
GENE00175,82.5157,-0.250856,0.525215,-0.477625,0.632917,0.944204
GENE00579,305.119,0.187696,0.393122,0.47745,0.633042,0.944204
GENE00172,753.206,-0.162597,0.341093,-0.476693,0.63358,0.944204
GENE03020,876.675,0.159374,0.334435,0.476546,0.633685,0.944204
GENE01040,810.538,-0.160634,0.337812,-0.475512,0.634422,0.944204
GENE01059,1338.46,0.151027,0.318334,0.474429,0.635194,0.944204
GENE01239,275.015,-0.190103,0.400752,-0.474367,0.635238,0.944204
GENE03297,8223.71,0.131577,0.277568,0.474034,0.635475,0.944204
GENE02271,877.786,-0.158431,0.334381,-0.473803,0.63564,0.944204
GENE03287,308.155,-0.18583,0.392415,-0.473555,0.635817,0.944204
GENE01351,1049.23,0.154867,0.32718,0.47334,0.635971,0.944204
GENE01065,476.241,-0.172079,0.364558,-0.47202,0.636913,0.944204
GENE02907,75.5873,0.253676,0.537551,0.47191,0.636991,0.944204
GENE01090,20.1947,0.380366,0.806316,0.471734,0.637117,
GENE01633,876.117,-0.157696,0.334462,-0.471491,0.63729,0.944204
GENE02347,19.5706,-0.38416,0.815117,-0.471294,0.637431,
GENE00800,4464.42,-0.135405,0.287416,-0.47111,0.637562,0.944204
GENE00621,864.497,0.157749,0.335027,0.470854,0.637745,0.944204
GENE02138,683.644,-0.162289,0.345615,-0.469567,0.638665,0.944204
GENE00701,110.173,0.229122,0.488178,0.469341,0.638826,0.944204
GENE00632,98.0984,0.235649,0.502412,0.469036,0.639044,0.944204
GENE01644,316.852,-0.18308,0.390447,-0.468899,0.639141,0.944204
GENE02595,87.3944,0.241987,0.517423,0.467678,0.640015,0.944204
GENE00520,93.1902,0.23797,0.508973,0.46755,0.640107,0.944204
GENE03560,351.869,-0.179165,0.383275,-0.467456,0.640173,0.944204
GENE00671,21.3681,-0.369069,0.790826,-0.466689,0.640723,
GENE00345,692.685,-0.160922,0.344989,-0.466455,0.64089,0.944204
GENE03937,573.675,-0.165176,0.354378,-0.466101,0.641143,0.944204
GENE02695,66.9766,0.258733,0.555477,0.465785,0.641369,0.944204
GENE01020,108.987,-0.227933,0.48947,-0.465673,0.641449,0.944204
GENE01930,1005.36,0.153132,0.328846,0.465665,0.641456,0.944204
GENE02547,2138.17,0.141513,0.304065,0.465403,0.641643,0.944204
GENE03551,218.974,-0.194818,0.418944,-0.46502,0.641917,0.944204
GENE02772,148.654,0.211538,0.455046,0.464871,0.642024,0.944204
GENE01400,290.508,0.184367,0.396677,0.464779,0.64209,0.944204
GENE01123,13.2514,-0.434975,0.936767,-0.464336,0.642407,
GENE01016,60.0761,-0.265663,0.572544,-0.464004,0.642645,0.944204
GENE02460,316.879,0.181119,0.390441,0.463883,0.642731,0.944204
GENE02616,601.637,-0.163216,0.351923,-0.463783,0.642803,0.944204
GENE02473,23.0017,-0.357529,0.771266,-0.463561,0.642963,
GENE00522,291.554,-0.183606,0.396413,-0.463168,0.643244,0.944204
GENE00989,82.6054,0.24319,0.525065,0.463161,0.643249,0.944204
GENE00318,217.43,0.194227,0.419543,0.462949,0.643401,0.944204
GENE03403,126.26,-0.218734,0.472488,-0.46294,0.643407,0.944204
GENE01941,18.5673,-0.384283,0.830184,-0.462889,0.643444,
GENE03424,512.538,-0.166793,0.360427,-0.462765,0.643533,0.944204
GENE02937,409.259,-0.172847,0.373578,-0.462681,0.643593,0.944204
GENE02863,749.681,0.157905,0.341307,0.46265,0.643615,0.944204
GENE03821,89.3069,-0.237955,0.514544,-0.462458,0.643753,0.944204
GENE00886,43.2304,0.291388,0.630229,0.462352,0.643829,0.944204
GENE02871,26660.1,0.12262,0.265311,0.462176,0.643955,0.944204
GENE02154,52.7556,-0.274559,0.594196,-0.462068,0.644033,0.944204
GENE03337,1642.57,0.143923,0.311685,0.461758,0.644255,0.944204
GENE03251,50.3142,-0.278084,0.602448,-0.461591,0.644375,0.944204
GENE00447,766.868,0.15694,0.340278,0.461212,0.644646,0.944204
GENE01906,2907.14,-0.136658,0.296367,-0.46111,0.64472,0.944204
GENE00328,777.622,0.156598,0.339651,0.461056,0.644758,0.944204
GENE02711,49.8609,-0.27848,0.604046,-0.461024,0.644781,0.944204
GENE01685,1274.47,0.147267,0.320029,0.460167,0.645396,0.944204
GENE03525,3423.02,-0.134683,0.29273,-0.460091,0.645451,0.944204
GENE01185,1574.95,0.143898,0.312995,0.459745,0.645699,0.944204
GENE01863,1944.17,0.140915,0.306699,0.459459,0.645905,0.944204
GENE03491,67.7146,0.254192,0.553808,0.45899,0.646241,0.944204
GENE01927,2358.81,0.138371,0.301475,0.458981,0.646248,0.944204
GENE02184,447.265,0.168851,0.368211,0.458572,0.646542,0.944204
GENE02307,5128.02,-0.130646,0.284911,-0.458551,0.646557,0.944204
GENE00599,306.332,-0.179935,0.392838,-0.458039,0.646925,0.944204
GENE02556,280.437,-0.182572,0.399287,-0.457245,0.647495,0.944204
GENE00265,146.619,0.208458,0.456464,0.45668,0.647901,0.944204
GENE02492,3262.63,-0.134152,0.293768,-0.456659,0.647916,0.944204
GENE00115,393.791,-0.171595,0.375982,-0.456392,0.648108,0.944204
GENE01324,289.927,0.181102,0.396824,0.456378,0.648118,0.944204
GENE02777,76.2485,0.244657,0.536302,0.456193,0.648251,0.944204
GENE02474,23.9563,-0.346843,0.760775,-0.455907,0.648457,
GENE03540,411.377,0.170038,0.373259,0.45555,0.648713,0.944204
GENE00981,156.349,-0.204955,0.449937,-0.45552,0.648735,0.944204
GENE02042,265.568,-0.183593,0.40341,-0.455103,0.649035,0.944204
GENE00038,4151.57,0.131421,0.2888,0.45506,0.649066,0.944204
GENE03358,139.253,-0.210124,0.461854,-0.454957,0.64914,0.944204
GENE02693,39.7855,0.293709,0.646349,0.454413,0.649531,0.944398
GENE00648,264.021,-0.183212,0.403858,-0.453654,0.650078,0.944806
GENE03683,51.6407,-0.27037,0.597892,-0.452205,0.651121,0.944806
GENE00521,315.345,0.176642,0.390782,0.452022,0.651253,0.944806
GENE02134,1099.48,-0.146999,0.325395,-0.451756,0.651445,0.944806
GENE01416,50860.4,-0.117827,0.261085,-0.451296,0.651776,0.944806
GENE01851,680.492,-0.156054,0.345836,-0.451237,0.651819,0.944806
GENE03579,131.445,0.211118,0.468056,0.451053,0.651952,0.944806
GENE03024,3471.77,-0.131871,0.292429,-0.450951,0.652025,0.944806
GENE01616,2352.26,0.13577,0.301546,0.450245,0.652534,0.944806
GENE02850,149.852,0.204489,0.454225,0.450194,0.652571,0.944806
GENE01299,414.674,-0.167622,0.372768,-0.449667,0.652951,0.944806
GENE00029,499.37,-0.162714,0.361874,-0.449642,0.652969,0.944806
GENE01929,192.825,-0.193245,0.430035,-0.44937,0.653164,0.944806
GENE00282,6.90194,-0.539592,1.2016,-0.449062,0.653387,
GENE00459,121.703,-0.213694,0.476615,-0.448356,0.653896,0.945364
GENE00160,91.3584,-0.229239,0.511557,-0.448121,0.654066,0.945364
GENE01639,181.69,-0.194669,0.43547,-0.447031,0.654853,0.94591
GENE00565,65.9226,-0.24932,0.557909,-0.446882,0.65496,0.94591
GENE02951,160.161,0.199717,0.447543,0.446251,0.655416,0.94598
GENE00921,93.9865,-0.226492,0.507874,-0.445962,0.655625,0.94598
GENE01216,243.732,0.182512,0.410134,0.445007,0.656315,0.94598
GENE01380,234.652,0.183175,0.413203,0.443305,0.657545,0.94598
GENE02065,59.7962,0.253995,0.573298,0.443041,0.657736,0.94598
GENE01064,95.3765,-0.224162,0.505988,-0.443018,0.657752,0.94598
GENE00676,35.3859,-0.296792,0.670266,-0.442797,0.657912,0.94598
GENE00237,413.142,-0.165084,0.372996,-0.44259,0.658062,0.94598
GENE03815,77.7791,-0.236022,0.533471,-0.442428,0.65818,0.94598
GENE01257,1819.58,0.13641,0.308608,0.442018,0.658476,0.94598
GENE01610,280.08,-0.176533,0.399382,-0.442015,0.658478,0.94598
GENE01734,1833.54,0.136226,0.308384,0.44174,0.658677,0.94598
GENE03223,695.267,0.152088,0.344812,0.441076,0.659158,0.94598
GENE02661,98.0538,-0.221555,0.502469,-0.440933,0.659262,0.94598
GENE01282,154.904,0.198655,0.450867,0.440606,0.659498,0.94598
GENE01287,162.638,-0.19629,0.446033,-0.44008,0.659879,0.94598
GENE03947,208.856,0.186005,0.422988,0.439741,0.660124,0.94598
GENE02144,158.747,0.196847,0.448421,0.438979,0.660677,0.94598
GENE00490,56.5103,0.255658,0.582565,0.438849,0.660771,0.94598
GENE03048,1349.69,0.139493,0.318049,0.438589,0.660959,0.94598
GENE00248,2137.62,0.133307,0.304072,0.438405,0.661093,0.94598
GENE03888,164.904,0.194826,0.444681,0.438125,0.661295,0.94598
GENE01163,446.633,-0.161357,0.368294,-0.43812,0.661299,0.94598
GENE00822,1203.14,-0.140673,0.322075,-0.436772,0.662277,0.94598
GENE01602,290.322,0.173224,0.396724,0.436638,0.662374,0.94598
GENE03598,214.368,-0.183176,0.42075,-0.435356,0.663304,0.94598
GENE02192,7.3588,-0.509814,1.17159,-0.435148,0.663455,
GENE03266,74.6439,0.234615,0.539363,0.434985,0.663574,0.94598
GENE00233,61.6251,0.247161,0.568465,0.434788,0.663717,0.94598
GENE01692,186.257,0.188308,0.433182,0.434708,0.663774,0.94598
GENE03864,666.231,-0.150641,0.346856,-0.434303,0.664068,0.94598
GENE02588,391.236,0.163318,0.376392,0.433904,0.664358,0.94598
GENE03851,213.415,-0.182377,0.42113,-0.433066,0.664967,0.94598
GENE01738,11.6841,-0.424821,0.981378,-0.432882,0.665101,
GENE01381,698.275,0.149156,0.344608,0.432827,0.665141,0.94598
GENE00740,771.456,0.147107,0.340009,0.432656,0.665265,0.94598
GENE00697,1202.77,0.139294,0.322086,0.432475,0.665396,0.94598
GENE00207,194.553,0.185508,0.429234,0.432184,0.665608,0.94598
GENE03664,37.8961,-0.283327,0.656109,-0.431829,0.665865,0.94598
GENE02345,300.503,0.170207,0.394217,0.431761,0.665915,0.94598
GENE02656,120.022,0.206449,0.478197,0.431724,0.665942,0.94598
GENE03085,199.489,-0.184165,0.427003,-0.431295,0.666254,0.94598
GENE00325,128.679,-0.202812,0.470387,-0.431159,0.666353,0.94598
GENE03769,742.509,-0.147129,0.341746,-0.43052,0.666818,0.94598
GENE01301,226.761,-0.17902,0.416018,-0.430318,0.666964,0.94598
GENE02856,259.493,-0.174349,0.405195,-0.430285,0.666989,0.94598
GENE00542,319.339,-0.167731,0.389899,-0.43019,0.667057,0.94598
GENE02526,313.141,0.168203,0.391277,0.429882,0.667282,0.94598
GENE01774,172.418,-0.189251,0.440392,-0.429732,0.66739,0.94598
GENE03312,1474.14,-0.135313,0.315113,-0.42941,0.667625,0.94598
GENE02609,69.9458,0.235687,0.548923,0.429363,0.667659,0.94598
GENE01731,325.795,0.166508,0.388506,0.428586,0.668224,0.946141
GENE00529,62.9013,0.242194,0.565218,0.428496,0.66829,0.946141
GENE03286,2785.82,0.127011,0.297366,0.427121,0.669291,0.947193
GENE02300,48.5483,-0.259814,0.6088,-0.426764,0.669551,0.947195
GENE03081,25.3256,0.318603,0.746776,0.426638,0.669643,
GENE02624,448.613,-0.156653,0.368033,-0.425648,0.670364,0.947673
GENE02075,813.715,0.143696,0.33764,0.42559,0.670406,0.947673
GENE03713,429.545,-0.157568,0.370624,-0.425142,0.670733,0.947769
GENE00252,24.8545,0.319449,0.751462,0.425103,0.670761,
GENE01457,10.03,0.441762,1.03939,0.425023,0.67082,
GENE01143,21.5527,0.33473,0.788504,0.424512,0.671192,
GENE03107,170.251,0.187393,0.4416,0.424351,0.67131,0.948098
GENE02549,241.677,-0.174071,0.410813,-0.423723,0.671767,0.948098
GENE01957,1511.14,0.133113,0.314311,0.423506,0.671926,0.948098
GENE02305,2742.98,0.125936,0.297734,0.422981,0.672309,0.948098
GENE00923,15.3966,-0.374953,0.887128,-0.422659,0.672544,
GENE03395,13.1569,-0.396723,0.939228,-0.422393,0.672738,
GENE03658,4604.34,0.121088,0.286843,0.422139,0.672924,0.948098
GENE00279,291.747,0.167304,0.396365,0.422095,0.672955,0.948098
GENE02667,1162.77,-0.136452,0.323315,-0.42204,0.672996,0.948098
GENE03461,117.708,-0.202653,0.480429,-0.421818,0.673158,0.948098
GENE00572,81.2323,0.221754,0.52738,0.420482,0.674133,0.948098
GENE00696,182.178,-0.182861,0.435222,-0.420155,0.674372,0.948098
GENE01530,666.619,0.145672,0.346828,0.420013,0.674476,0.948098
GENE00288,102.317,0.208803,0.497153,0.419997,0.674488,0.948098
GENE00515,298.564,0.165499,0.394684,0.419321,0.674982,0.948098
GENE00951,1092,-0.136472,0.325654,-0.41907,0.675165,0.948098
GENE00042,535.891,0.150007,0.357995,0.419021,0.675201,0.948098
GENE03132,1674.93,-0.130338,0.311086,-0.418977,0.675233,0.948098
GENE01645,4.62741,0.591406,1.41217,0.418791,0.675369,
GENE02477,29.2638,0.297755,0.712141,0.418112,0.675865,
GENE02599,221.103,-0.174799,0.418129,-0.418051,0.67591,0.948098
GENE01488,19.5083,0.341062,0.816017,0.417959,0.675977,
GENE03460,31.4642,-0.290493,0.695689,-0.417561,0.676268,
GENE03549,2126.82,-0.126878,0.304209,-0.417074,0.676624,0.948098
GENE00613,3790.3,-0.121087,0.290607,-0.41667,0.67692,0.948098
GENE02189,117.623,0.199944,0.480512,0.416107,0.677332,0.948098
GENE01586,149.144,0.18915,0.454709,0.415979,0.677425,0.948098
GENE01021,227.486,-0.172841,0.415753,-0.415729,0.677609,0.948098
GENE00818,481.86,0.151101,0.363888,0.41524,0.677966,0.948098
GENE01025,118.756,-0.198973,0.47941,-0.415038,0.678114,0.948098
GENE01750,47.2957,-0.254497,0.613521,-0.414814,0.678278,0.948098
GENE00899,52.7375,-0.246174,0.594255,-0.414257,0.678686,0.948098
GENE00304,58.8505,-0.238246,0.575885,-0.413703,0.679092,0.948098
GENE00878,2352.55,0.124724,0.301543,0.41362,0.679153,0.948098
GENE01235,253.612,0.168081,0.406984,0.412993,0.679612,0.948098
GENE01659,35.9319,-0.275317,0.667062,-0.412731,0.679803,0.948098
GENE02899,3025.84,-0.121756,0.295448,-0.412107,0.680261,0.948098
GENE00487,86.5724,0.213638,0.518689,0.41188,0.680427,0.948098
GENE02988,548.868,-0.146907,0.35671,-0.41184,0.680457,0.948098
GENE03119,290.689,-0.163185,0.396631,-0.411427,0.68076,0.948098
GENE03383,102.316,-0.204365,0.497155,-0.411069,0.681022,0.948098
GENE01335,627.015,0.143792,0.349839,0.411023,0.681056,0.948098
GENE01956,87.6344,-0.212431,0.517056,-0.410847,0.681185,0.948098
GENE03044,289.427,-0.163063,0.39695,-0.410791,0.681226,0.948098
GENE00135,5815.99,-0.11607,0.282781,-0.410457,0.681471,0.948098
GENE01804,33.9261,0.278637,0.679213,0.410235,0.681634,0.948098
GENE03697,618.534,-0.143796,0.350521,-0.410235,0.681634,0.948098
GENE00805,496.573,-0.148365,0.362189,-0.409636,0.682073,0.948098
GENE00687,1319.24,-0.130518,0.31883,-0.409367,0.68227,0.948098
GENE00592,3211.71,0.120368,0.294114,0.409257,0.682351,0.948098
GENE02606,588.398,0.144096,0.353063,0.40813,0.683178,0.948381
GENE02532,605.256,0.143386,0.351618,0.407789,0.683429,0.948381
GENE00683,85.7476,-0.211875,0.519978,-0.407468,0.683664,0.948381
GENE01061,627.42,-0.142481,0.349807,-0.407314,0.683777,0.948381
GENE01998,183.923,-0.176854,0.434341,-0.407177,0.683878,0.948381
GENE01871,224.49,-0.169604,0.416856,-0.406865,0.684107,0.948381
GENE03616,827.815,-0.136842,0.336891,-0.406192,0.684601,0.948706
GENE03188,394.173,-0.152248,0.375921,-0.405001,0.685477,0.949087
GENE00483,67.3214,-0.224466,0.554694,-0.404667,0.685722,0.949087
GENE03589,127.949,0.190538,0.471015,0.404527,0.685825,0.949087
GENE00927,732.724,0.138408,0.342357,0.404279,0.686007,0.949087
GENE01006,43.1312,0.254824,0.630666,0.404056,0.686172,0.949087
GENE02005,206.216,-0.170924,0.424092,-0.403036,0.686922,0.949087
GENE03587,449.355,0.148259,0.367936,0.402948,0.686987,0.949087
GENE00986,61.7908,-0.228819,0.568037,-0.402825,0.687077,0.949087
GENE02665,59.4144,-0.231255,0.574335,-0.402648,0.687207,0.949087
GENE01786,1432.14,0.126978,0.316061,0.401752,0.687867,0.949286
GENE00067,984.319,0.13245,0.329684,0.401748,0.687869,0.949286
GENE01479,1017.52,0.131479,0.328373,0.400394,0.688866,0.949833
GENE03694,34.2568,-0.271095,0.677137,-0.400354,0.688896,0.949833
GENE02253,17.8927,-0.336649,0.84102,-0.400287,0.688945,
GENE02943,58.3838,0.230962,0.577185,0.400153,0.689044,0.949833
GENE02397,31.8635,0.277069,0.692887,0.399876,0.689248,
GENE03451,531.97,-0.143194,0.358392,-0.399545,0.689492,0.950093
GENE03854,3673.92,0.115991,0.291245,0.39826,0.690438,0.950717
GENE01162,10153.2,0.109411,0.274811,0.398132,0.690533,0.950717
GENE00587,394.559,0.1495,0.375859,0.397754,0.690811,0.950717
GENE00842,1260.87,0.127295,0.320405,0.397295,0.69115,0.950717
GENE02620,372.175,0.15067,0.379589,0.39693,0.691419,0.950717
GENE02769,123.409,0.188506,0.475043,0.396818,0.691502,0.950717
GENE02722,183.858,0.172074,0.434373,0.396144,0.691999,0.951045
GENE00495,1122.56,0.128371,0.324616,0.395453,0.692508,0.951388
GENE03129,111.002,-0.19232,0.487287,-0.394675,0.693083,0.951502
GENE03865,48.1267,-0.240822,0.610369,-0.394551,0.693174,0.951502
GENE00551,934.697,-0.13078,0.331772,-0.394185,0.693444,0.951502
GENE03775,133.257,-0.183682,0.466569,-0.393687,0.693812,0.951502
GENE00904,265.566,-0.158528,0.40341,-0.392969,0.694342,0.951502
GENE01545,7995.89,0.109187,0.277958,0.392819,0.694454,0.951502
GENE01526,1747.06,0.12155,0.309812,0.392334,0.694812,0.951502
GENE02592,685.429,0.135529,0.34549,0.39228,0.694851,0.951502
GENE03328,56.7121,0.228039,0.581972,0.391838,0.695178,0.951502
GENE02538,1396.37,-0.12417,0.316902,-0.391823,0.695189,0.951502
GENE02748,146.63,-0.178448,0.456457,-0.390942,0.69584,0.951773
GENE00315,92.1752,0.199489,0.510395,0.390853,0.695906,0.951773
GENE01756,76.0457,-0.209498,0.536683,-0.390357,0.696272,0.951839
GENE02717,63.6537,-0.218989,0.563349,-0.388727,0.697478,0.951839
GENE03561,37.6074,0.255494,0.657665,0.388487,0.697656,0.951839
GENE00944,829.18,-0.130806,0.336819,-0.388357,0.697752,0.951839
GENE03554,801.601,-0.13129,0.3383,-0.388088,0.697951,0.951839
GENE01296,126.703,-0.183073,0.472099,-0.387786,0.698174,0.951839
GENE03278,67.3504,-0.214993,0.554628,-0.387634,0.698287,0.951839
GENE01377,4035.88,-0.11212,0.289352,-0.387485,0.698397,0.951839
GENE00825,150.945,0.175659,0.453484,0.387354,0.698494,0.951839
GENE00189,276.56,0.155038,0.40033,0.387276,0.698552,0.951839
GENE01269,920.982,0.128583,0.332379,0.386858,0.698861,0.951906
GENE00603,581.348,-0.136482,0.353686,-0.385884,0.699583,0.952054
GENE01657,227.972,-0.160322,0.415577,-0.385783,0.699657,0.952054
GENE00855,67.6818,0.213554,0.553881,0.385559,0.699823,0.952054
GENE00769,1458.32,0.121551,0.315466,0.385308,0.700009,0.952054
GENE02987,4.40411,-0.554968,1.44127,-0.385054,0.700198,
GENE01763,40.5175,-0.246794,0.642752,-0.383965,0.701004,0.952787
GENE01414,72.3885,-0.208646,0.543836,-0.383656,0.701233,0.952787
GENE01273,64.4106,-0.215352,0.561502,-0.383528,0.701328,0.952787
GENE00819,1465.69,-0.12067,0.315301,-0.382712,0.701933,0.953068
GENE01304,87.4175,-0.197609,0.517387,-0.381937,0.702508,0.953068
GENE00329,871.174,-0.127789,0.334701,-0.381801,0.702609,0.953068
GENE02263,171.778,-0.168162,0.440746,-0.381539,0.702803,0.953068
GENE01575,2420.67,-0.114698,0.300813,-0.381293,0.702986,0.953068
GENE02357,55.8071,-0.222837,0.584653,-0.381144,0.703096,0.953068
GENE01722,1321.18,0.121384,0.31878,0.380777,0.703369,0.953086
GENE02997,180.645,0.165712,0.436006,0.380069,0.703894,0.953445
GENE01864,39.5055,0.245175,0.647751,0.378501,0.705058,0.954669
GENE02971,433.792,0.13986,0.370033,0.377966,0.705456,0.954855
GENE03752,1151.64,0.122063,0.323668,0.377123,0.706082,0.95528
GENE02994,588.272,0.132976,0.353074,0.376623,0.706454,0.95528
GENE03338,219.577,-0.157641,0.418712,-0.37649,0.706553,0.95528
GENE02119,78.6123,-0.19935,0.531965,-0.374744,0.707851,0.956444
GENE01872,1144.66,-0.12134,0.323893,-0.37463,0.707935,0.956444
GENE00634,51.6579,-0.223683,0.597834,-0.374157,0.708288,0.956498
GENE02377,822.594,-0.125969,0.337166,-0.373612,0.708693,0.956498
GENE02039,3241.42,-0.109783,0.293911,-0.373524,0.708759,0.956498
GENE02558,20.2469,-0.300604,0.805598,-0.373144,0.709041,
GENE02186,278.555,0.149147,0.399791,0.373063,0.709101,0.956574
GENE00155,219.593,-0.156071,0.418706,-0.372747,0.709337,0.956574
GENE02378,116.179,0.179085,0.48194,0.371592,0.710196,0.957022
GENE00479,31.3534,-0.258277,0.696476,-0.370835,0.710761,
GENE00080,103.354,-0.183858,0.49591,-0.370749,0.710825,0.957022
GENE03726,465.392,-0.135636,0.365886,-0.370705,0.710858,0.957022
GENE01989,1667.08,0.115322,0.31123,0.370536,0.710983,0.957022
GENE02949,362.289,0.141182,0.381345,0.370222,0.711217,0.957022
GENE00955,61.9534,0.21013,0.56762,0.370195,0.711237,0.957022
GENE02773,503.753,-0.133611,0.361386,-0.369717,0.711593,0.957151
GENE00610,1686.08,0.114693,0.310884,0.368926,0.712183,0.957412
GENE03547,92.8691,-0.187754,0.50942,-0.368564,0.712453,0.957412
GENE00127,22.3618,-0.286658,0.778672,-0.368137,0.712771,
GENE00414,528.979,-0.132019,0.358698,-0.368051,0.712835,0.957412
GENE02607,32.9771,-0.252017,0.685345,-0.367723,0.71308,0.957412
GENE00214,41.9034,0.233934,0.636203,0.367703,0.713095,0.957412
GENE03766,148.447,0.16721,0.455189,0.367341,0.713364,0.957424
GENE01588,1489.98,-0.115426,0.314766,-0.366705,0.713839,0.95771
GENE03510,10.9729,0.367772,1.00471,0.366048,0.714329,
GENE00645,18.5136,-0.303501,0.831024,-0.365214,0.714952,
GENE03483,768.508,0.124074,0.340181,0.364729,0.715314,0.959167
GENE02701,551.851,-0.129796,0.356421,-0.364164,0.715735,0.959167
GENE00428,817.544,0.12284,0.337435,0.364041,0.715827,0.959167
GENE02070,428.556,-0.134763,0.370764,-0.363475,0.71625,0.959167
GENE03787,914.934,-0.120698,0.33265,-0.362837,0.716727,0.959167
GENE01680,418.907,0.135018,0.372147,0.36281,0.716747,0.959167
GENE03927,127.787,-0.170933,0.471155,-0.362796,0.716758,0.959167
GENE01370,372.585,0.137024,0.379517,0.361047,0.718064,0.960565
GENE03755,105.914,-0.177712,0.49292,-0.36053,0.718451,0.960731
GENE01108,15.2649,-0.320608,0.889871,-0.360286,0.718633,
GENE02841,216.113,-0.151295,0.420059,-0.360175,0.718716,0.960736
GENE02274,89.0686,-0.184955,0.514897,-0.359207,0.71944,0.961353
GENE01539,1071.18,0.117124,0.326385,0.358852,0.719706,0.961357
GENE01794,149.476,-0.162675,0.454482,-0.357935,0.720392,0.961645
GENE01771,1464.11,-0.112847,0.315336,-0.357862,0.720446,0.961645
GENE01564,77.8889,-0.190481,0.533271,-0.357194,0.720947,0.961773
GENE01718,946.849,-0.118265,0.331246,-0.357033,0.721067,0.961773
GENE03098,15.6832,-0.314091,0.881282,-0.356402,0.721539,
GENE01511,1039.28,-0.116729,0.327548,-0.356373,0.721561,0.962082
GENE01173,1516.69,0.111839,0.314194,0.355955,0.721875,0.962149
GENE00827,134.448,-0.165508,0.465607,-0.355467,0.72224,0.962286
GENE03116,14.7255,-0.319675,0.901485,-0.354609,0.722883,
GENE01393,254.302,-0.144159,0.406771,-0.354398,0.723041,0.963003
GENE03805,24.982,0.265548,0.75018,0.353979,0.723355,
GENE00023,533.426,-0.126263,0.358244,-0.352451,0.7245,0.963007
GENE02878,69.7643,0.193419,0.549311,0.352112,0.724754,0.963007
GENE03357,298.001,-0.138972,0.394821,-0.351988,0.724847,0.963007
GENE03720,2446.6,0.105679,0.300543,0.351626,0.725119,0.963007
GENE02326,644.859,0.122516,0.348448,0.351604,0.725135,0.963007
GENE00275,120.817,0.167551,0.477445,0.350933,0.725639,0.963007
GENE00260,257.197,0.142299,0.405886,0.350588,0.725898,0.963007
GENE03493,1360.63,-0.11133,0.317775,-0.350342,0.726082,0.963007
GENE03430,52.2335,-0.208589,0.595912,-0.350033,0.726314,0.963007
GENE00256,757.948,-0.119189,0.340807,-0.349725,0.726545,0.963007
GENE00762,3111.09,0.103048,0.294821,0.349527,0.726694,0.963007
GENE00266,151.721,-0.158187,0.452963,-0.349228,0.726918,0.963007
GENE03724,91.7031,0.17835,0.511065,0.348977,0.727107,0.963007
GENE00925,814.432,-0.117767,0.337602,-0.348833,0.727215,0.963007
GENE02236,32.0198,0.241246,0.691805,0.34872,0.7273,
GENE01317,1507.73,0.109626,0.314384,0.348702,0.727313,0.963007
GENE01271,182.424,0.151549,0.435097,0.34831,0.727607,0.963007
GENE01788,200.27,-0.148605,0.426658,-0.348299,0.727616,0.963007
GENE02410,533.524,0.124597,0.358234,0.347809,0.727984,0.963007
GENE02601,170.978,-0.153412,0.441192,-0.347722,0.728049,0.963007
GENE03380,20.0348,-0.281116,0.808531,-0.347687,0.728075,
GENE03031,136.488,-0.160972,0.46399,-0.34693,0.728644,0.963007
GENE01322,193.256,-0.148847,0.429835,-0.34629,0.729125,0.963007
GENE00225,61.844,-0.196466,0.567901,-0.345952,0.729379,0.963007
GENE02537,429.047,0.128089,0.370695,0.345537,0.729691,0.963007
GENE03584,50.6712,-0.207125,0.601204,-0.344517,0.730457,0.963007
GENE03883,1342.21,-0.109623,0.318239,-0.344467,0.730495,0.963007
GENE00552,2419.59,0.103529,0.300824,0.34415,0.730733,0.963007
GENE02954,1399.05,0.108963,0.316838,0.343908,0.730916,0.963007
GENE03826,347.98,-0.132064,0.384018,-0.343901,0.730921,0.963007
GENE01636,8407.84,-0.0952829,0.277265,-0.343653,0.731107,0.963007
GENE01527,130.401,0.161125,0.468927,0.343602,0.731145,0.963007
GENE02545,69.6912,0.18867,0.549469,0.343369,0.731321,0.963007
GENE02180,85.8377,0.178404,0.519837,0.343192,0.731454,0.963007
GENE01747,738.943,-0.116943,0.341968,-0.341972,0.732372,0.963869
GENE02393,34.6709,0.229772,0.674578,0.340616,0.733393,0.964866
GENE01435,364.105,-0.129539,0.381017,-0.339982,0.73387,0.965147
GENE02217,913.598,-0.112426,0.332711,-0.337908,0.735433,0.965949
GENE02793,880.564,-0.112843,0.334248,-0.337604,0.735662,0.965949
GENE01125,303.566,-0.132718,0.393487,-0.337287,0.735901,0.965949
GENE03373,752.657,-0.115009,0.341126,-0.337146,0.736007,0.965949
GENE02211,694.99,-0.116167,0.344831,-0.336881,0.736207,0.965949
GENE03438,627.124,0.117682,0.349831,0.336396,0.736572,0.965949
GENE03432,67.3056,0.186555,0.554729,0.336299,0.736645,0.965949
GENE03748,212.902,0.141348,0.421337,0.335475,0.737267,0.965949
GENE00433,155.81,-0.151014,0.450282,-0.335377,0.73734,0.965949
GENE03732,454.162,0.1231,0.36731,0.33514,0.73752,0.965949
GENE01176,83.8182,-0.175265,0.523068,-0.335071,0.737571,0.965949
GENE02898,2606.28,0.100148,0.29897,0.334976,0.737643,0.965949
GENE03295,1895.68,0.102865,0.307419,0.334607,0.737921,0.965968
GENE01650,163.03,0.148087,0.445797,0.332185,0.73975,0.967322
GENE03894,366.189,0.126318,0.380643,0.331854,0.74,0.967322
GENE00112,78.8206,-0.176053,0.531592,-0.33118,0.740508,0.967322
GENE02745,91.7901,0.169132,0.510941,0.33102,0.74063,0.967322
GENE02721,353.233,0.126543,0.383018,0.330385,0.741109,0.967322
GENE02649,148.106,0.150283,0.455425,0.329984,0.741412,0.967322
GENE03012,3834.46,0.0955447,0.290373,0.329042,0.742124,0.967322
GENE03301,2019.2,-0.100563,0.305635,-0.329029,0.742134,0.967322
GENE00400,707.59,-0.113092,0.343983,-0.328773,0.742327,0.967322
GENE02389,217.771,-0.137861,0.419411,-0.328703,0.74238,0.967322
GENE00082,4264.23,-0.0946846,0.288284,-0.328442,0.742578,0.967322
GENE02255,29.2641,-0.233812,0.712139,-0.328324,0.742667,
GENE01691,311.676,-0.128369,0.391608,-0.3278,0.743063,0.967322
GENE03252,9359.37,0.0903887,0.275841,0.327684,0.743151,0.967322
GENE01942,74.2686,-0.176532,0.540093,-0.326854,0.743778,0.967322
GENE02639,173.426,0.143762,0.439838,0.326852,0.74378,0.967322
GENE02055,106.544,-0.160755,0.492201,-0.326604,0.743968,0.967322
GENE00144,1077.12,-0.106497,0.326174,-0.326502,0.744044,0.967322
GENE01884,238.844,-0.134405,0.411764,-0.326413,0.744112,0.967322
GENE02021,104.74,-0.161209,0.494277,-0.32615,0.744311,0.967322
GENE00888,44.0167,-0.204234,0.626818,-0.325827,0.744555,0.967322
GENE00003,69.4422,0.179037,0.550005,0.325519,0.744788,0.967322
GENE00518,380.292,-0.12301,0.378198,-0.325254,0.744989,0.967322
GENE01963,281.066,-0.129651,0.39912,-0.324843,0.7453,0.967322
GENE02687,849.77,-0.108784,0.335761,-0.323991,0.745945,0.967322
GENE00190,169.56,-0.143155,0.44199,-0.323887,0.746024,0.967322
GENE02403,93.923,-0.164407,0.507961,-0.323661,0.746195,0.967322
GENE00251,334.466,-0.125145,0.386699,-0.323625,0.746222,0.967322
GENE03279,62.9876,0.182755,0.565001,0.323458,0.746348,0.967322
GENE00437,225.612,0.134376,0.41644,0.322676,0.74694,0.967747
GENE02785,66.9917,-0.179026,0.555442,-0.322312,0.747216,0.967763
GENE03345,81.7272,-0.169314,0.526539,-0.321561,0.747786,0.968158
GENE02812,15.363,0.28465,0.887825,0.320615,0.748502,
GENE01497,522.42,0.115217,0.359378,0.320602,0.748512,0.968756
GENE00823,13.5472,-0.297425,0.929227,-0.320077,0.74891,
GENE02113,85.2616,0.166036,0.520747,0.318843,0.749846,0.969809
GENE03370,130.275,0.149542,0.469033,0.318831,0.749855,0.969809
GENE00195,504.489,0.115066,0.361305,0.318473,0.750126,0.969817
GENE02724,94.8917,-0.160871,0.506641,-0.317525,0.750845,0.970405
GENE03509,1006.43,0.104254,0.328804,0.31707,0.75119,0.970508
GENE02647,221.279,-0.132305,0.418062,-0.316471,0.751645,0.970753
GENE03834,129.266,-0.148377,0.469886,-0.315773,0.752175,0.971032
GENE03193,211.827,-0.133064,0.421771,-0.315488,0.752391,0.971032
GENE03259,232.012,-0.130019,0.414129,-0.313957,0.753554,0.97219
GENE03019,371.697,-0.118931,0.379672,-0.313248,0.754092,0.972332
GENE03950,1858.9,0.0963811,0.307985,0.312941,0.754325,0.972332
GENE02692,360.096,0.119247,0.381744,0.312373,0.754757,0.972332
GENE02508,1889.64,0.0959968,0.307511,0.312174,0.754909,0.972332
GENE00390,36.5871,0.206997,0.66331,0.312066,0.75499,0.972332
GENE00977,571.102,0.110506,0.354612,0.311625,0.755326,0.972346
GENE03336,272.757,-0.124887,0.401374,-0.311149,0.755687,0.972346
GENE01932,41.5372,0.197815,0.637902,0.310103,0.756483,0.972346
GENE03467,511.602,-0.111687,0.360528,-0.309788,0.756723,0.972346
GENE00669,67.1285,-0.171711,0.555131,-0.309316,0.757081,0.972346
GENE01755,337.84,-0.119367,0.386014,-0.309231,0.757146,0.972346
GENE03136,9248.16,-0.0851443,0.275996,-0.308498,0.757703,0.972346
GENE00857,3908.22,-0.0893911,0.28999,-0.308256,0.757888,0.972346
GENE01086,639.109,0.107492,0.34889,0.308097,0.758009,0.972346
GENE02977,1416.4,0.0974172,0.316427,0.307866,0.758184,0.972346
GENE02636,5265.54,-0.087516,0.284452,-0.307665,0.758337,0.972346
GENE02589,21.5533,-0.242406,0.788497,-0.307428,0.758517,
GENE03820,39.4729,0.198944,0.647915,0.307053,0.758803,0.972346
GENE03798,10901.9,0.0841143,0.273944,0.30705,0.758806,0.972346
GENE02314,4.24032,0.449472,1.46406,0.307004,0.758841,
GENE02672,81.4372,0.161588,0.527031,0.306601,0.759147,0.972346
GENE02541,1985.74,0.093844,0.306102,0.306578,0.759165,0.972346
GENE03265,3016.44,-0.0903245,0.295519,-0.305647,0.759874,0.972346
GENE01681,1013.96,0.100368,0.328511,0.305525,0.759966,0.972346
GENE00019,99.7093,-0.152857,0.500364,-0.305491,0.759992,0.972346
GENE03934,46.273,-0.188592,0.617516,-0.305404,0.760059,0.972346
GENE00806,1833.65,0.0939414,0.308382,0.304626,0.760651,0.972346
GENE00006,905.669,0.101227,0.333072,0.303918,0.76119,0.972346
GENE01948,104.066,0.150368,0.495067,0.303732,0.761332,0.972346
GENE02530,200.072,0.12954,0.426745,0.303554,0.761468,0.972346
GENE00580,1071,-0.0989597,0.326391,-0.303193,0.761743,0.972346
GENE01454,138.862,0.139971,0.462153,0.302867,0.761992,0.972346
GENE02702,1951.94,-0.0928005,0.306586,-0.30269,0.762126,0.972346
GENE02700,101.428,-0.150724,0.498234,-0.302518,0.762258,0.972346
GENE02126,16.5613,0.261208,0.864317,0.302213,0.762489,
GENE01876,106.315,0.148563,0.492461,0.301675,0.7629,0.972346
GENE02680,154.315,-0.136062,0.45125,-0.301522,0.763017,0.972346
GENE03456,166.578,-0.133665,0.443701,-0.301251,0.763223,0.972346
GENE01155,784.444,-0.102153,0.33926,-0.301104,0.763335,0.972346
GENE02707,1740.3,-0.0930168,0.309928,-0.300124,0.764083,0.972346
GENE00245,267.594,0.120883,0.402828,0.300086,0.764112,0.972346
GENE02677,185.601,0.130004,0.433506,0.299889,0.764262,0.972346
GENE02063,205.856,0.127211,0.424244,0.299852,0.76429,0.972346
GENE03653,4997.38,0.0854569,0.285365,0.299466,0.764585,0.972384
GENE00048,1081.03,0.0972924,0.326036,0.29841,0.765391,0.972817
GENE01984,73.0415,0.161692,0.54252,0.29804,0.765673,0.972817
GENE00158,479.481,-0.108514,0.364171,-0.297976,0.765722,0.972817
GENE00662,1343.36,-0.0945592,0.318209,-0.29716,0.766344,0.972974
GENE02650,449.172,-0.109327,0.36796,-0.297118,0.766377,0.972974
GENE03270,33.1448,-0.202834,0.684243,-0.296436,0.766897,0.973298
GENE03929,34.9689,0.199065,0.672765,0.295891,0.767313,0.97346
GENE03084,1135.92,0.0957834,0.324177,0.295467,0.767637,0.97346
GENE00434,50.8563,-0.177223,0.600564,-0.295095,0.767922,0.97346
GENE02710,7.07858,-0.350888,1.18965,-0.29495,0.768032,
GENE03478,19.8712,0.238998,0.810825,0.294759,0.768178,
GENE01571,490.605,0.106888,0.362869,0.294563,0.768328,0.97346
GENE01937,936.007,0.097605,0.331715,0.294244,0.768572,0.97346
GENE01233,137.606,-0.136028,0.463118,-0.293722,0.76897,0.97346
GENE00128,169.019,0.129885,0.442297,0.293659,0.769018,0.97346
GENE00630,398.076,-0.109983,0.375302,-0.293051,0.769483,0.97346
GENE00980,111.259,-0.142605,0.487014,-0.292815,0.769663,0.97346
GENE03334,85.2304,-0.152401,0.520796,-0.292631,0.769804,0.97346
GENE03212,208.685,0.123584,0.423059,0.292119,0.770195,0.97346
GENE01493,345.918,-0.112287,0.384417,-0.292096,0.770213,0.97346
GENE02086,116.7,0.139822,0.481422,0.290436,0.771483,0.974404
GENE01934,379.022,0.1099,0.378413,0.290424,0.771492,0.974404
GENE03733,2549.19,-0.0864826,0.299515,-0.288742,0.772779,0.975693
GENE03586,1004.47,0.0947176,0.328881,0.288,0.773347,0.9757
GENE00918,74.5319,-0.155149,0.53958,-0.287536,0.773702,0.9757
GENE02817,2689.36,-0.0856767,0.298208,-0.287305,0.773879,0.9757
GENE02111,116.133,0.138356,0.481987,0.287054,0.774071,0.9757
GENE03154,671.216,0.0994427,0.346496,0.286995,0.774116,0.9757
GENE00672,205.997,-0.121333,0.424185,-0.286037,0.774849,0.975912
GENE01470,791.995,-0.0966687,0.338834,-0.285298,0.775416,0.975912
GENE00973,131.928,-0.133296,0.467656,-0.285031,0.77562,0.975912
GENE03650,718.269,-0.097792,0.343282,-0.284874,0.775741,0.975912
GENE01592,29.4017,-0.202241,0.711056,-0.284424,0.776086,
GENE00066,6176.56,-0.0801332,0.28181,-0.284352,0.776141,0.975912
GENE03581,960.307,0.0938786,0.330674,0.283901,0.776487,0.975912
GENE03041,293.291,-0.112402,0.395979,-0.283859,0.776518,0.975912
GENE01411,2128.54,0.0861862,0.304188,0.283332,0.776922,0.975912
GENE01358,4597.59,0.0812251,0.28687,0.283142,0.777068,0.975912
GENE00549,351.89,-0.108506,0.383271,-0.283104,0.777097,0.975912
GENE03462,133.566,0.131809,0.466318,0.282659,0.777438,0.975912
GENE02604,122.858,-0.134392,0.475548,-0.282605,0.77748,0.975912
GENE02455,103.859,0.139442,0.495311,0.281524,0.778309,0.976522
GENE00199,10837,0.0770008,0.274015,0.281009,0.778703,0.976522
GENE03671,2324.55,-0.0847854,0.301853,-0.280883,0.7788,0.976522
GENE01741,246.534,-0.114816,0.409221,-0.280572,0.779038,0.976522
GENE02551,1203.14,0.0902558,0.322075,0.280233,0.779299,0.976522
GENE02806,57.4558,0.16142,0.579817,0.278398,0.780706,0.977527
GENE00815,672.172,-0.096368,0.346427,-0.278177,0.780877,0.977527
GENE01970,1009.12,-0.0913375,0.328699,-0.277876,0.781108,0.977527
GENE03291,54.8395,-0.163232,0.587593,-0.277797,0.781168,0.977527
GENE00289,3150.58,-0.0816078,0.294539,-0.277069,0.781727,0.977893
GENE01947,212.534,0.116562,0.421485,0.276551,0.782125,0.978057
GENE03606,3359.68,0.0808312,0.293131,0.275751,0.782739,0.978328
GENE02019,198.437,0.1178,0.427472,0.275573,0.782876,0.978328
GENE03591,2646.34,-0.0820193,0.298598,-0.274681,0.783561,0.978453
GENE01129,196.533,-0.117651,0.428329,-0.274675,0.783566,0.978453
GENE01843,17.5531,0.232452,0.846711,0.274535,0.783674,
GENE02651,415.938,-0.102099,0.372582,-0.274032,0.78406,0.978453
GENE00232,540.556,0.0978293,0.357528,0.273627,0.784371,0.978453
GENE01285,605.058,-0.0961335,0.351635,-0.27339,0.784553,0.978453
GENE00849,102.929,0.135699,0.496417,0.273358,0.784578,0.978453
GENE01249,45.1321,0.169408,0.622132,0.272302,0.78539,0.978813
GENE03818,175.863,-0.11936,0.438518,-0.272189,0.785477,0.978813
GENE02516,1479.7,0.0856585,0.314991,0.27194,0.785668,0.978813
GENE03315,27.3312,0.197892,0.728201,0.271754,0.785811,
GENE01132,257.491,0.110038,0.405797,0.271166,0.786263,0.979221
GENE02469,94.9247,0.137193,0.506596,0.270814,0.786534,0.979225
GENE01919,179.251,0.118039,0.436728,0.27028,0.786945,0.979282
GENE01869,311.783,-0.105751,0.391584,-0.27006,0.787114,0.979282
GENE00116,205.569,-0.114092,0.424366,-0.268852,0.788044,0.979548
GENE00655,357.835,-0.10264,0.38216,-0.268578,0.788255,0.979548
GENE00942,54.9199,-0.15747,0.587346,-0.268104,0.78862,0.979548
GENE03389,79.5055,0.141981,0.530376,0.267699,0.788931,0.979548
GENE03526,2728.87,-0.0795173,0.297857,-0.266964,0.789497,0.979548
GENE02939,109.066,-0.130589,0.489384,-0.266843,0.78959,0.979548
GENE01701,233.532,0.110343,0.413594,0.266792,0.789629,0.979548
GENE02891,417.584,0.0987952,0.37234,0.265336,0.790751,0.979548
GENE02728,1991.71,0.0810517,0.306018,0.26486,0.791118,0.979548
GENE00947,877.227,-0.088528,0.334408,-0.26473,0.791217,0.979548
GENE00563,1677.25,-0.0822017,0.311044,-0.264277,0.791566,0.979548
GENE00853,40.4804,0.169666,0.642932,0.263893,0.791862,0.979548
GENE00274,114.019,-0.127508,0.484127,-0.263377,0.79226,0.979548
GENE03122,124.537,0.124726,0.474022,0.263123,0.792456,0.979548
GENE01696,245.134,0.107707,0.409676,0.262908,0.792621,0.979548
GENE01384,373.975,0.0995177,0.379276,0.262388,0.793022,0.979548
GENE00928,231.825,0.108668,0.414195,0.26236,0.793044,0.979548
GENE00343,1343.36,0.08329,0.318209,0.261746,0.793517,0.979548
GENE01760,122.616,-0.124432,0.47577,-0.261539,0.793677,0.979548
GENE03362,92.4782,-0.133349,0.509968,-0.261485,0.793719,0.979548
GENE03390,20.5707,0.209478,0.801208,0.261453,0.793743,
GENE02120,52.1241,-0.155877,0.596275,-0.261417,0.793771,0.979548
GENE01172,431.289,0.0967672,0.37038,0.261264,0.793889,0.979548
GENE01217,558.247,-0.0928432,0.35581,-0.260935,0.794143,0.979548
GENE03452,379.117,-0.0986972,0.378397,-0.26083,0.794224,0.979548
GENE02320,37.9233,-0.170898,0.655963,-0.26053,0.794455,0.979548
GENE00009,15.4762,-0.23068,0.885488,-0.260512,0.794469,
GENE00839,270.095,-0.10473,0.402118,-0.260446,0.79452,0.979548
GENE01399,202.996,-0.110797,0.425467,-0.260412,0.794546,0.979548
GENE01779,340.001,-0.100063,0.385581,-0.259513,0.795239,0.979829
GENE02364,43.7295,-0.162917,0.628053,-0.259399,0.795327,0.979829
GENE01936,3088.42,-0.0763397,0.294985,-0.258792,0.795796,0.979829
GENE02273,1721.3,-0.0802728,0.310258,-0.25873,0.795844,0.979829
GENE01032,677.474,-0.0893149,0.346049,-0.258099,0.796331,0.980099
GENE02634,391.987,0.0968055,0.376271,0.257276,0.796966,0.980135
GENE02582,249.682,0.104942,0.408214,0.257075,0.797121,0.980135
GENE00667,449.23,0.0944749,0.367952,0.256759,0.797365,0.980135
GENE03506,4150.03,0.0740989,0.288807,0.256569,0.797512,0.980135
GENE01434,261.857,-0.103683,0.404493,-0.256329,0.797697,0.980135
GENE03376,5.18357,-0.345499,1.34806,-0.256294,0.797724,
GENE02747,65.8579,-0.142776,0.558061,-0.255842,0.798072,0.980267
GENE01799,201.604,-0.108813,0.426072,-0.255386,0.798425,0.980371
GENE01968,3047.5,-0.0748076,0.295286,-0.253339,0.800006,0.980534
GENE02077,5.4953,-0.332904,1.31646,-0.252878,0.800362,
GENE02209,86.3755,0.131151,0.518995,0.252702,0.800499,0.980534
GENE01308,191.797,-0.108566,0.430517,-0.252176,0.800905,0.980534
GENE03795,86.8158,0.130414,0.518312,0.251612,0.801341,0.980534
GENE00846,1468.13,0.0791943,0.315247,0.251214,0.801649,0.980534
GENE00201,161.168,-0.112173,0.446925,-0.250989,0.801823,0.980534
GENE00105,141.007,0.115474,0.460533,0.250741,0.802015,0.980534
GENE01368,177.533,0.109516,0.437629,0.250249,0.802395,0.980534
GENE01924,458.73,0.0916372,0.366724,0.24988,0.80268,0.980534
GENE02141,7274.8,-0.0697558,0.279311,-0.249742,0.802787,0.980534
GENE03206,737.107,0.0851343,0.342082,0.248871,0.803461,0.980534
GENE00963,114.74,-0.120226,0.48339,-0.248714,0.803582,0.980534
GENE03166,853.533,-0.0834456,0.335572,-0.248667,0.803618,0.980534
GENE03271,33.8228,0.168734,0.679868,0.248187,0.80399,0.980534
GENE02107,726.434,0.085067,0.342756,0.248185,0.803991,0.980534
GENE01606,3041.55,0.0732773,0.295331,0.24812,0.804042,0.980534
GENE01379,752.01,0.0845827,0.341165,0.247923,0.804194,0.980534
GENE00616,37.239,0.163458,0.659676,0.247785,0.804301,0.980534
GENE01036,410.458,-0.0923562,0.373397,-0.24734,0.804645,0.980534
GENE03803,1939.64,0.0758638,0.306765,0.247303,0.804674,0.980534
GENE03335,1214.16,0.079522,0.321747,0.247157,0.804787,0.980534
GENE01673,2866.95,-0.0730966,0.296691,-0.246373,0.805393,0.980534
GENE02007,24.7869,0.183992,0.752145,0.244623,0.806749,
GENE03623,220.056,-0.102271,0.418528,-0.244358,0.806954,0.980534
GENE01487,257.353,-0.0991207,0.405839,-0.244237,0.807048,0.980534
GENE02632,1034.52,-0.07994,0.327727,-0.243923,0.807291,0.980534
GENE02763,209.33,-0.103089,0.422792,-0.243829,0.807363,0.980534
GENE03381,51.7704,0.145538,0.597456,0.243596,0.807544,0.980534
GENE02586,31.4623,0.169254,0.695702,0.243285,0.807784,
GENE02594,83.214,-0.127143,0.524058,-0.242612,0.808306,0.980534
GENE01039,24.5738,-0.182893,0.754318,-0.242461,0.808423,
GENE03903,994.794,0.0797025,0.329264,0.242063,0.808731,0.980534
GENE01242,498.518,0.0875635,0.361969,0.241908,0.808851,0.980534
GENE03673,49.6991,-0.14618,0.604622,-0.241771,0.808957,0.980534
GENE01921,289.759,-0.09565,0.396866,-0.241013,0.809545,0.980534
GENE03029,82.3737,-0.126497,0.525452,-0.24074,0.809757,0.980534
GENE01432,2117.42,-0.0732546,0.30433,-0.240708,0.809781,0.980534
GENE00780,225.911,-0.100211,0.41633,-0.2407,0.809788,0.980534
GENE03375,49.3178,-0.145753,0.60599,-0.240521,0.809926,0.980534
GENE00133,2418.04,-0.0723518,0.30084,-0.240499,0.809943,0.980534
GENE02127,6979.78,0.0672906,0.279924,0.240389,0.810029,0.980534
GENE02277,524.83,0.0861507,0.359127,0.239889,0.810416,0.980534
GENE02287,244.147,0.098266,0.409998,0.239674,0.810583,0.980534
GENE02433,3025.2,-0.0704559,0.295453,-0.238467,0.811519,0.980534
GENE02510,7578.02,0.0663909,0.278719,0.238201,0.811725,0.980534
GENE02942,829.314,-0.0799316,0.336812,-0.237318,0.81241,0.980534
GENE02418,5797.3,-0.0668277,0.282834,-0.236279,0.813216,0.980534
GENE03828,186.096,0.102253,0.433261,0.236008,0.813426,0.980534
GENE03634,48.8753,0.142975,0.607598,0.235312,0.813966,0.980534
GENE01401,23.7846,0.179302,0.762616,0.235114,0.81412,
GENE02352,389.021,-0.0885778,0.376752,-0.235109,0.814124,0.980534
GENE03487,3301.52,0.0688632,0.293509,0.23462,0.814504,0.980534
GENE02308,84.7038,-0.122385,0.521637,-0.234618,0.814505,0.980534
GENE01307,118.157,-0.112604,0.47999,-0.234597,0.814522,0.980534
GENE01348,168.053,0.103888,0.442849,0.23459,0.814527,0.980534
GENE03137,419.589,-0.0872605,0.372047,-0.234541,0.814565,0.980534
GENE03151,90.9209,-0.119841,0.512185,-0.233981,0.815,0.980534
GENE00691,1511.76,-0.0735269,0.314298,-0.23394,0.815032,0.980534
GENE02832,340.475,-0.0901608,0.385487,-0.233888,0.815072,0.980534
GENE00642,221.802,0.0976397,0.417864,0.233664,0.815246,0.980534
GENE03320,19.9991,0.189011,0.80903,0.233626,0.815275,
GENE02465,338.842,-0.090081,0.385813,-0.233484,0.815386,0.980534
GENE02302,306.987,-0.0916262,0.392686,-0.233332,0.815503,0.980534
GENE01920,510.044,-0.0841392,0.360697,-0.233268,0.815553,0.980534
GENE03552,270.088,-0.0937376,0.40212,-0.233108,0.815677,0.980534
GENE02409,122.278,-0.110963,0.476082,-0.233075,0.815703,0.980534
GENE01253,707.241,0.0801128,0.344006,0.232882,0.815853,0.980534
GENE00997,94.9401,0.117889,0.506576,0.232718,0.81598,0.980534
GENE00713,53626.4,-0.0606437,0.260796,-0.232533,0.816124,0.980534
GENE00152,96.4908,0.117273,0.504505,0.232451,0.816187,0.980534
GENE02099,145.15,-0.106177,0.457506,-0.232078,0.816477,0.980534
GENE03437,338.643,0.0895322,0.385853,0.232037,0.816509,0.980534
GENE03846,6510.11,-0.0650702,0.280985,-0.231579,0.816865,0.980534
GENE01338,15067.1,0.0625154,0.270367,0.231224,0.817141,0.980534
GENE00991,232.103,-0.0956694,0.414097,-0.231032,0.81729,0.980534
GENE02562,2180.51,0.0699254,0.303538,0.230368,0.817806,0.980715
GENE03711,382.852,-0.0867509,0.377769,-0.22964,0.818371,0.980715
GENE00873,23.7451,-0.174725,0.763042,-0.228985,0.818881,
GENE01084,254.535,0.093057,0.406699,0.228811,0.819016,0.980715
GENE02463,182.661,-0.0994349,0.434977,-0.228598,0.819181,0.980715
GENE03737,647.594,-0.0794332,0.34824,-0.228099,0.819569,0.980715
GENE03896,2051.96,-0.0695653,0.305189,-0.227941,0.819692,0.980715
GENE01275,121.997,0.108311,0.476343,0.22738,0.820128,0.980715
GENE00889,225.523,-0.0945072,0.416473,-0.226922,0.820484,0.980715
GENE03915,35.8549,0.150819,0.667509,0.225943,0.821246,0.980715
GENE02729,1833.45,0.0696203,0.308386,0.225757,0.82139,0.980715
GENE03250,206.003,0.0957153,0.424182,0.225647,0.821476,0.980715
GENE02861,35.0234,0.151701,0.672436,0.2256,0.821513,0.980715
GENE02762,462.319,0.0826209,0.36627,0.225573,0.821533,0.980715
GENE01810,82.8131,-0.118346,0.52472,-0.225542,0.821558,0.980715
GENE02207,33.5889,-0.153646,0.681362,-0.225499,0.821591,0.980715
GENE00102,44.0242,0.141233,0.626786,0.225329,0.821724,0.980715
GENE03094,20.1789,-0.181539,0.806534,-0.225086,0.821913,
GENE02725,2779.64,-0.066892,0.297418,-0.224909,0.82205,0.980785
GENE01822,221.759,-0.0936263,0.41788,-0.224051,0.822718,0.980977
GENE03952,2315.54,-0.0676419,0.301953,-0.224015,0.822746,0.980977
GENE02563,36.9477,0.147625,0.661288,0.223238,0.82335,0.981378
GENE01350,272.603,-0.08897,0.401417,-0.22164,0.824594,0.981394
GENE02069,837.582,0.0745488,0.336383,0.221619,0.824611,0.981394
GENE00146,51.9953,0.132008,0.596703,0.22123,0.824914,0.981394
GENE03747,571.912,-0.078433,0.354538,-0.221226,0.824917,0.981394
GENE03237,2144.25,-0.067029,0.303989,-0.220498,0.825483,0.981394
GENE03165,136.19,0.102293,0.464224,0.220354,0.825596,0.981394
GENE01548,8.83944,-0.239227,1.09087,-0.2193,0.826416,
GENE03597,81.2348,-0.11492,0.527376,-0.217909,0.8275,0.981394
GENE01180,18330.1,-0.0584307,0.268465,-0.217647,0.827704,0.981394
GENE03662,109.292,-0.106444,0.489136,-0.217617,0.827727,0.981394
GENE01241,17419.7,-0.0583869,0.268942,-0.217099,0.828131,0.981394
GENE02471,88.7771,0.11179,0.515332,0.216929,0.828264,0.981394
GENE02789,3121.49,0.0638936,0.294747,0.216775,0.828384,0.981394
GENE00103,1.96191,0.440916,2.03485,0.216683,0.828456,
GENE03588,1312.53,0.069017,0.319006,0.21635,0.828715,0.981394
GENE00173,589.504,-0.0762471,0.352967,-0.216018,0.828974,0.981394
GENE02646,337.599,-0.0833432,0.386063,-0.21588,0.829081,0.981394
GENE02339,217.449,-0.0904567,0.419536,-0.215611,0.829291,0.981394
GENE00385,470.461,-0.0786868,0.36526,-0.215427,0.829435,0.981394
GENE01621,5041.05,0.0612894,0.285211,0.214891,0.829852,0.981394
GENE00906,650.476,0.0747817,0.348022,0.214876,0.829864,0.981394
GENE02801,233.438,-0.0888143,0.413627,-0.214721,0.829985,0.981394
GENE01326,2460.6,0.0643878,0.300399,0.214341,0.830281,0.981394
GENE01210,853.781,0.0717791,0.335559,0.213909,0.830618,0.981394
GENE01634,4.20685,-0.313282,1.46888,-0.21328,0.831109,
GENE00030,208.478,0.0898618,0.423145,0.212367,0.831821,0.981394
GENE00809,364.223,-0.0808999,0.380995,-0.212338,0.831843,0.981394
GENE03605,620.588,-0.0742454,0.350355,-0.211915,0.832173,0.981394
GENE03035,2273.99,0.0640232,0.302426,0.211699,0.832342,0.981394
GENE03742,183.546,0.0919172,0.43453,0.211533,0.832472,0.981394
GENE01088,406.422,0.0791065,0.374008,0.21151,0.832489,0.981394
GENE03479,380.329,-0.0799875,0.378192,-0.2115,0.832497,0.981394
GENE02816,809.91,-0.0714333,0.337846,-0.211438,0.832546,0.981394
GENE01248,25.6328,-0.157121,0.743789,-0.211243,0.832697,
GENE01569,122.472,-0.100387,0.475902,-0.210941,0.832934,0.981394
GENE03273,39.9182,0.135833,0.64569,0.210369,0.833379,0.981394
GENE03557,2096.01,0.0638363,0.304606,0.20957,0.834003,0.981394
GENE00884,1390.47,-0.0663232,0.317044,-0.209193,0.834298,0.981394
GENE03599,37.7777,0.137049,0.656745,0.208679,0.834699,0.981394
GENE02805,138.073,-0.0965308,0.462758,-0.208599,0.834761,0.981394
GENE00689,2617.35,0.0622891,0.298866,0.208418,0.834903,0.981394
GENE00427,103.796,-0.103126,0.495386,-0.208172,0.835095,0.981394
GENE02129,3.94971,0.313808,1.50793,0.208105,0.835147,
GENE02197,1303.51,0.066321,0.319244,0.207744,0.835429,0.981394
GENE00444,736.892,0.0709528,0.342095,0.207406,0.835692,0.981394
GENE01559,175.514,0.0909607,0.438705,0.207339,0.835745,0.981394
GENE00450,6277,0.0583207,0.281555,0.207138,0.835902,0.981394
GENE01174,597.607,-0.0728737,0.352266,-0.206871,0.836111,0.981394
GENE00017,1473.97,0.0651843,0.315117,0.206857,0.836121,0.981394
GENE03147,189.507,0.0891735,0.431605,0.206609,0.836315,0.981394
GENE02246,3622.12,-0.060064,0.291539,-0.206024,0.836772,0.981394
GENE01643,87.8218,-0.106308,0.516771,-0.205715,0.837013,0.981394
GENE02327,294.83,0.0811765,0.395597,0.2052,0.837416,0.981394
GENE03326,1553.01,0.0643009,0.313439,0.205147,0.837458,0.981394
GENE02694,711.151,-0.0705047,0.343747,-0.205106,0.837489,0.981394
GENE01913,4019.29,-0.0593187,0.289433,-0.204947,0.837613,0.981394
GENE03847,13.0379,-0.192802,0.942367,-0.204593,0.83789,
GENE03874,20.9544,0.162852,0.796139,0.204552,0.837922,
GENE00293,145.415,0.0933695,0.457317,0.204168,0.838222,0.981394
GENE02367,54.4311,-0.119961,0.588857,-0.203718,0.838574,0.981394
GENE03042,220.408,0.085182,0.418394,0.203593,0.838672,0.981394
GENE00639,150.302,0.0923829,0.453919,0.203523,0.838726,0.981394
GENE02315,2.23266,0.390209,1.92313,0.202903,0.839211,
GENE00060,187.815,-0.0877071,0.432421,-0.202828,0.83927,0.981394
GENE01708,284.514,-0.0805801,0.398214,-0.202354,0.83964,0.981394
GENE02791,2475.62,0.0607014,0.300246,0.202172,0.839782,0.981394
GENE03124,154.91,0.0910551,0.450863,0.201957,0.83995,0.981394
GENE03332,277.569,-0.0807909,0.400057,-0.201949,0.839957,0.981394
GENE00622,73.9047,0.108606,0.540806,0.200822,0.840838,0.981394
GENE00758,71.3723,0.109088,0.545921,0.199825,0.841618,0.981394
GENE00482,153.392,-0.0901843,0.451855,-0.199587,0.841804,0.981394
GENE01405,444.234,-0.0733145,0.368614,-0.198893,0.842347,0.981394
GENE00995,208.408,0.0839643,0.423174,0.198416,0.84272,0.981394
GENE03347,118.621,-0.0950485,0.47954,-0.198207,0.842883,0.981394
GENE00142,2483.04,-0.0594476,0.30017,-0.198046,0.843009,0.981394
GENE01262,561.736,-0.0702693,0.355481,-0.197674,0.8433,0.981394
GENE01858,31.9679,-0.136648,0.692163,-0.197422,0.843497,
GENE01254,69.7179,0.108362,0.549411,0.197234,0.843645,0.981394
GENE03405,775.055,0.0669336,0.339799,0.19698,0.843843,0.981394
GENE01613,131.687,-0.0919004,0.467856,-0.196429,0.844274,0.981394
GENE00883,799.139,-0.0664207,0.338436,-0.196258,0.844408,0.981394
GENE00738,1767.18,-0.0605863,0.30947,-0.195774,0.844787,0.981394
GENE01703,228.179,0.0811508,0.415502,0.195308,0.845152,0.981394
GENE01229,115.66,-0.0940808,0.48246,-0.195002,0.845391,0.981394
GENE01609,6925.68,0.0546079,0.280041,0.195,0.845393,0.981394
GENE00448,410.383,0.0724921,0.373409,0.194136,0.846069,0.981394
GENE03281,109.599,0.0948722,0.488801,0.194092,0.846104,0.981394
GENE01478,926.213,-0.0641871,0.332146,-0.19325,0.846763,0.981394
GENE03215,37.5745,0.126884,0.657843,0.192879,0.847054,0.981394
GENE03304,2239.6,0.0581945,0.302827,0.192171,0.847608,0.981394
GENE01300,81.9171,-0.100676,0.526218,-0.19132,0.848275,0.981394
GENE01518,157.935,-0.0857244,0.44893,-0.190953,0.848563,0.981394
GENE00269,293.198,-0.0754929,0.396002,-0.190637,0.84881,0.981394
GENE01094,0.267456,0.965943,5.08408,0.189994,0.849314,
GENE01483,1548.86,0.0594836,0.313523,0.189726,0.849524,0.981394
GENE00372,2183.61,0.0575286,0.3035,0.189551,0.849661,0.981394
GENE00838,490.368,-0.0687616,0.362896,-0.18948,0.849717,0.981394
GENE02193,1772.29,0.0586172,0.309384,0.189464,0.849729,0.981394
GENE03420,498.604,-0.0685562,0.36196,-0.189403,0.849777,0.981394
GENE03288,1475.88,-0.0596551,0.315075,-0.189336,0.849829,0.981394
GENE02980,386.471,0.0711628,0.377169,0.188676,0.850347,0.981394
GENE03033,105.783,0.0930107,0.49307,0.188636,0.850378,0.981394
GENE00129,743.178,0.0642821,0.341705,0.188122,0.850781,0.981394
GENE03544,2879.64,0.0557355,0.296588,0.187923,0.850937,0.981394
GENE00089,334.19,-0.072597,0.386755,-0.187708,0.851106,0.981394
GENE02025,145.281,0.0853295,0.457413,0.186548,0.852015,0.981394
GENE03799,10769.8,0.0511119,0.27409,0.186479,0.852069,0.981394
GENE00512,2696.21,-0.0555643,0.298146,-0.186366,0.852158,0.981394
GENE00933,1090.76,-0.0606296,0.325696,-0.186154,0.852324,0.981394
GENE01973,122.609,0.0885025,0.475776,0.186017,0.852431,0.981394
GENE03784,6.10492,-0.23452,1.26181,-0.185859,0.852555,
GENE00782,1668.76,0.0577627,0.311199,0.185614,0.852748,0.981394
GENE00095,98.158,-0.0932277,0.502335,-0.185589,0.852767,0.981394
GENE02428,4725.49,-0.0531231,0.286368,-0.185506,0.852832,0.981394
GENE01960,279.991,-0.0740818,0.399406,-0.18548,0.852853,0.981394
GENE00488,1725.79,0.0574736,0.310179,0.185292,0.853,0.981394
GENE03822,6.57684,0.226639,1.22484,0.185036,0.853201,
GENE03774,819.529,0.0622885,0.337329,0.184652,0.853502,0.981394
GENE03804,257.212,-0.0747138,0.405881,-0.184078,0.853952,0.981394
GENE03827,80.2909,0.0973201,0.529002,0.183969,0.854038,0.981394
GENE00558,646.431,0.0639868,0.348328,0.183697,0.854251,0.981394
GENE02544,175.839,0.0802785,0.438531,0.183062,0.854749,0.981394
GENE03219,11.6196,0.180012,0.983407,0.18305,0.854759,
GENE01466,32.8307,-0.125493,0.686315,-0.18285,0.854916,
GENE02866,308.643,0.071685,0.392302,0.182729,0.855011,0.981394
GENE02208,3168.27,-0.0537188,0.294415,-0.18246,0.855222,0.981394
GENE01028,16100.2,-0.0491832,0.269703,-0.182361,0.855299,0.981394
GENE03876,260.731,-0.0738203,0.404826,-0.182351,0.855307,0.981394
GENE03524,2265.06,-0.0551592,0.302529,-0.182327,0.855326,0.981394
GENE03471,409.203,0.068104,0.373586,0.182298,0.855349,0.981394
GENE01615,11.0999,0.182259,1.00038,0.18219,0.855434,
GENE00097,17.9561,0.15204,0.839976,0.181006,0.856363,
GENE00840,110.533,0.0882267,0.48779,0.18087,0.856469,0.981394
GENE02449,146.726,-0.0825316,0.456389,-0.180836,0.856496,0.981394
GENE03919,57.765,-0.10464,0.578933,-0.180747,0.856566,0.981394
GENE01811,62.0027,-0.102551,0.567493,-0.180709,0.856596,0.981394
GENE00743,365.431,-0.0686819,0.380779,-0.180372,0.85686,0.981394
GENE02177,2015.5,0.0551298,0.305686,0.180348,0.85688,0.981394
GENE03513,2.91127,-0.309023,1.71521,-0.180167,0.857021,
GENE00618,262.552,-0.0728263,0.404288,-0.180135,0.857047,0.981394
GENE03125,316.575,0.070342,0.390508,0.180129,0.857051,0.981394
GENE00425,794.734,-0.0609962,0.338681,-0.180099,0.857075,0.981394
GENE03891,275.073,0.0721526,0.400736,0.18005,0.857113,0.981394
GENE00974,42.2352,-0.114032,0.634683,-0.179667,0.857414,0.981432
GENE03615,610.331,0.0626284,0.351195,0.17833,0.858464,0.981644
GENE03225,126.108,-0.0842816,0.472623,-0.178328,0.858466,0.981644
GENE00357,734.195,-0.061023,0.342264,-0.178292,0.858494,0.981644
GENE00602,178.847,-0.0778042,0.436939,-0.178067,0.858671,0.981644
GENE03898,422.804,-0.0659856,0.371582,-0.17758,0.859053,0.981775
GENE03942,21.9935,-0.138712,0.783081,-0.177136,0.859402,
GENE03100,138.792,0.0818002,0.462206,0.176978,0.859526,0.982009
GENE02780,398.064,0.0661614,0.375304,0.176288,0.860068,0.982015
GENE01467,430.079,0.0653194,0.37055,0.176277,0.860076,0.982015
GENE01761,48.0104,0.107017,0.610805,0.175206,0.860918,0.982015
GENE00575,197.88,0.0749151,0.427721,0.175149,0.860962,0.982015
GENE02484,655.18,-0.0608783,0.34767,-0.175104,0.860998,0.982015
GENE02751,24.6611,-0.131856,0.753424,-0.175009,0.861072,
GENE00062,1204.36,-0.0562663,0.322038,-0.17472,0.8613,0.982015
GENE00098,24.5222,0.131862,0.754848,0.174686,0.861326,
GENE00844,180.763,-0.0759448,0.435945,-0.174207,0.861703,0.982015
GENE01964,1202.97,-0.0558379,0.32208,-0.173367,0.862363,0.982015
GENE00706,222.918,0.0720721,0.417443,0.172651,0.862926,0.982015
GENE02959,39.8556,0.111433,0.646,0.172496,0.863048,0.982015
GENE00285,759.59,-0.0587214,0.340709,-0.17235,0.863162,0.982015
GENE00746,7075.06,-0.0481428,0.279722,-0.172109,0.863351,0.982015
GENE02033,1950.59,-0.0525382,0.306605,-0.171355,0.863945,0.982015
GENE03674,338.685,-0.0661112,0.385845,-0.171342,0.863955,0.982015
GENE03892,701.809,0.0585847,0.344369,0.170122,0.864914,0.982015
GENE01076,635.9,-0.0592465,0.349139,-0.169693,0.865251,0.982015
GENE01796,440.15,-0.0625094,0.369162,-0.169328,0.865539,0.982015
GENE01099,3.55606,0.266198,1.57573,0.168936,0.865847,
GENE00939,640.121,0.0588333,0.348812,0.168668,0.866058,0.982015
GENE03570,2549.29,0.0504678,0.299514,0.168499,0.866191,0.982015
GENE01439,217.887,-0.0705497,0.419365,-0.16823,0.866403,0.982015
GENE03849,3085.55,0.0494812,0.295006,0.167729,0.866796,0.982015
GENE01147,128.182,-0.0788256,0.470814,-0.167424,0.867036,0.982015
GENE01679,1471.44,-0.0524405,0.315173,-0.166386,0.867853,0.982015
GENE03391,170.733,-0.0733533,0.441329,-0.16621,0.867992,0.982015
GENE00261,1862.75,0.0511447,0.307925,0.166095,0.868082,0.982015
GENE02519,691.945,0.0572838,0.34504,0.166021,0.86814,0.982015
GENE01417,7.8987,-0.188566,1.13953,-0.165477,0.868569,
GENE03730,369.344,-0.0627919,0.380084,-0.165205,0.868783,0.982015
GENE02375,326.472,-0.0641273,0.388362,-0.165123,0.868848,0.982015
GENE00705,92.366,-0.0841666,0.510126,-0.164992,0.86895,0.982015
GENE02396,416.611,0.0613543,0.372483,0.164717,0.869167,0.982015
GENE01723,46.8674,-0.101308,0.615178,-0.16468,0.869196,0.982015
GENE02482,104.09,-0.0814319,0.495039,-0.164496,0.869341,0.982015
GENE00808,413.448,0.0612504,0.37295,0.164232,0.869548,0.982015
GENE02241,46.311,0.101221,0.617365,0.163957,0.869765,0.982015
GENE01676,111.006,-0.0795912,0.487284,-0.163337,0.870253,0.982015
GENE03423,239.944,0.0670415,0.411393,0.162962,0.870548,0.982015
GENE02110,56.4592,0.0947443,0.582715,0.162591,0.87084,0.982015
GENE01855,127.103,0.0764293,0.471749,0.162013,0.871296,0.982015
GENE01573,197.194,0.0692,0.42803,0.161671,0.871565,0.982015
GENE01686,98.921,0.0809224,0.50136,0.161406,0.871774,0.982015
GENE01777,742.837,-0.0551543,0.341726,-0.161399,0.871779,0.982015
GENE00159,458.652,-0.059059,0.366734,-0.16104,0.872062,0.982015
GENE01252,5086.35,0.0457811,0.285054,0.160605,0.872405,0.982015
GENE00353,430.728,-0.059303,0.370459,-0.16008,0.872818,0.982015
GENE03329,58.2662,0.0923629,0.577515,0.159932,0.872935,0.982015
GENE01752,38.6553,0.104278,0.652102,0.159911,0.872951,0.982015
GENE00752,550.449,0.056948,0.356557,0.159716,0.873104,0.982015
GENE02004,48.3196,-0.0970566,0.609648,-0.159201,0.873511,0.982015
GENE00714,1621.39,-0.049683,0.312086,-0.159196,0.873514,0.982015
GENE03436,3832.71,0.0462259,0.290382,0.15919,0.873519,0.982015
GENE02182,47.9281,0.0972074,0.611115,0.159066,0.873617,0.982015
GENE00382,353.357,-0.0608839,0.382994,-0.158968,0.873694,0.982015
GENE00570,241.517,0.065293,0.410867,0.158915,0.873736,0.982015
GENE03813,23.069,0.122296,0.770506,0.158722,0.873888,
GENE01193,19.4342,-0.12952,0.817096,-0.158512,0.874053,
GENE00249,76.9727,0.0846848,0.534952,0.158304,0.874218,0.982255
GENE03914,961.69,0.0522069,0.330616,0.157908,0.874529,0.982304
GENE02608,1155.26,-0.0507598,0.323553,-0.156883,0.875337,0.982719
GENE00796,733.523,0.0536594,0.342307,0.156758,0.875435,0.982719
GENE02045,23.0804,-0.120758,0.770378,-0.156751,0.875441,
GENE03426,218.531,0.0653087,0.419115,0.155825,0.876171,0.983244
GENE03823,9.10504,0.167329,1.07851,0.155148,0.876705,
GENE00799,487.734,0.0562246,0.363201,0.154803,0.876977,0.983846
GENE00774,182.338,-0.0668759,0.43514,-0.153688,0.877856,0.984531
GENE00313,1271.01,-0.0490666,0.320124,-0.153274,0.878182,0.984596
GENE00147,3969.38,0.0442837,0.289681,0.152871,0.8785,0.984626
GENE02094,200.865,-0.0650148,0.426396,-0.152475,0.878812,0.984626
GENE01987,1649.5,0.0474243,0.311555,0.152218,0.879015,0.984626
GENE01327,2043.57,0.0461487,0.305303,0.151157,0.879852,0.984931
GENE03516,1493.05,0.0473547,0.3147,0.150476,0.880389,0.984931
GENE02581,27.4711,0.109331,0.726982,0.15039,0.880457,
GENE01579,378.864,-0.056886,0.378439,-0.150317,0.880514,0.984931
GENE03831,438.779,0.0553809,0.369348,0.149942,0.88081,0.984931
GENE02203,5218.61,0.0426635,0.284607,0.149903,0.880841,0.984931
GENE00685,1234.58,0.0481173,0.321151,0.149828,0.880901,0.984931
GENE00065,1983.52,0.0457152,0.306134,0.149331,0.881292,0.985069
GENE02512,375.98,-0.0562607,0.378931,-0.148472,0.88197,0.98546
GENE01441,2419.05,-0.0445848,0.30083,-0.148206,0.88218,0.98546
GENE03106,440.203,0.0540414,0.369155,0.146392,0.883612,0.985852
GENE00200,8.31995,-0.163432,1.11672,-0.14635,0.883645,
GENE00820,79.8889,0.0772627,0.529703,0.14586,0.884032,0.985852
GENE01830,317.13,0.0568875,0.390385,0.145721,0.884141,0.985852
GENE03944,7896.02,-0.0404787,0.278134,-0.145537,0.884287,0.985852
GENE03601,841.644,-0.0489183,0.336174,-0.145515,0.884304,0.985852
GENE03704,434.798,0.0538219,0.369894,0.145507,0.884311,0.985852
GENE03457,375.222,-0.0551063,0.379061,-0.145376,0.884414,0.985852
GENE02706,188.73,0.0625276,0.431978,0.144747,0.884911,0.986105
GENE02279,324.974,-0.0560222,0.388681,-0.144134,0.885395,0.986344
GENE03209,11.3531,0.14283,0.991962,0.143987,0.88551,
GENE01816,304.318,0.0563889,0.39331,0.14337,0.885998,0.986716
GENE01874,201.407,0.0607419,0.426158,0.142534,0.886658,0.986819
GENE01675,1549.21,-0.0444385,0.313516,-0.141742,0.887284,0.986819
GENE02040,47.7877,0.0866264,0.611644,0.141629,0.887373,0.986819
GENE00061,1007.44,-0.0465106,0.328764,-0.141471,0.887498,0.986819
GENE02857,41.5453,0.0902177,0.637864,0.141437,0.887524,0.986819
GENE01024,660.99,-0.0489475,0.347239,-0.140962,0.8879,0.986819
GENE03393,307.126,-0.0552472,0.392653,-0.140702,0.888105,0.986819
GENE02359,32.8901,0.0963894,0.68592,0.140526,0.888245,0.986819
GENE01801,22.4706,0.108726,0.777391,0.139861,0.88877,
GENE03776,304.043,0.0548649,0.393375,0.139472,0.889077,0.98693
GENE00638,258.919,-0.0564503,0.405367,-0.139257,0.889247,0.98693
GENE00122,262.347,0.0562974,0.404348,0.13923,0.889268,0.98693
GENE02328,37.7821,0.0913073,0.656721,0.139035,0.889422,0.98693
GENE03233,727.989,-0.0473469,0.342657,-0.138176,0.890101,0.987385
GENE03141,313.061,-0.0534719,0.391295,-0.136654,0.891304,0.987686
GENE00246,315.541,0.0533649,0.390738,0.136575,0.891367,0.987686
GENE01538,35.6001,0.0911307,0.669,0.136219,0.891648,0.987686
GENE02448,122.564,-0.064364,0.475818,-0.13527,0.892398,0.987686
GENE01546,29.5179,0.0959517,0.710148,0.135115,0.892521,
GENE03244,53.4119,-0.0799957,0.592075,-0.135111,0.892524,0.987686
GENE02001,29.4736,0.0957714,0.710493,0.134796,0.892773,
GENE03628,3786.29,0.0389406,0.290629,0.133987,0.893413,0.987686
GENE01201,175.21,-0.0586978,0.438869,-0.133748,0.893602,0.987686
GENE01878,337.128,0.0516358,0.386158,0.133717,0.893627,0.987686
GENE03771,32.0922,0.0922916,0.691306,0.133503,0.893795,
GENE00303,11.9441,0.129802,0.973374,0.133352,0.893915,
GENE03767,1777.58,0.0411851,0.309296,0.133158,0.894069,0.987686
GENE00083,3.33351,-0.215179,1.61927,-0.132887,0.894283,
GENE01881,23.2871,-0.101622,0.768063,-0.13231,0.894739,
GENE02199,176.638,-0.0577341,0.438104,-0.131782,0.895157,0.987686
GENE01128,443.443,0.0485765,0.368719,0.131744,0.895187,0.987686
GENE01558,38.1241,-0.0862779,0.654893,-0.131744,0.895187,0.987686
GENE00234,1634.98,0.0410457,0.311828,0.131629,0.895278,0.987686
GENE02622,1169.77,0.0424893,0.323095,0.131507,0.895374,0.987686
GENE01550,51.5098,0.0786306,0.598333,0.131416,0.895446,0.987686
GENE00862,809.964,0.0443235,0.337843,0.131195,0.895621,0.987686
GENE00113,273.071,-0.0526099,0.401287,-0.131103,0.895694,0.987686
GENE02523,19566,0.034988,0.267873,0.130614,0.89608,0.987686
GENE00950,2895.44,0.0385549,0.29646,0.130051,0.896526,0.987686
GENE02782,292.521,-0.0514341,0.396171,-0.129828,0.896703,0.987686
GENE01443,159.459,-0.0581139,0.447977,-0.129725,0.896784,0.987686
GENE00025,1064.42,-0.0423141,0.326627,-0.129549,0.896924,0.987686
GENE00773,372.104,-0.0491698,0.379601,-0.12953,0.896938,0.987686
GENE02749,2213.36,-0.0391116,0.303139,-0.129022,0.89734,0.987686
GENE03689,70.6552,0.0703248,0.547418,0.128466,0.89778,0.987686
GENE02627,259.736,-0.0520228,0.405122,-0.128413,0.897822,0.987686
GENE01396,395.058,0.0481396,0.375779,0.128106,0.898065,0.987686
GENE02904,358.525,-0.0487124,0.382032,-0.127508,0.898538,0.987686
GENE03619,92.445,-0.0648819,0.510015,-0.127216,0.89877,0.987686
GENE00929,54.7482,0.0747027,0.587874,0.127073,0.898883,0.987686
GENE02383,205.356,-0.0538306,0.424456,-0.126822,0.899081,0.987686
GENE03103,5310.99,-0.0360173,0.284305,-0.126686,0.899189,0.987686
GENE02088,52.5082,-0.0751772,0.595006,-0.126347,0.899457,0.987686
GENE01363,754.076,-0.0430544,0.34104,-0.126244,0.899538,0.987686
GENE03482,1903.32,-0.038631,0.307304,-0.125709,0.899962,0.987855
GENE01294,17139.7,-0.0336635,0.269096,-0.125099,0.900445,0.98809
GENE00033,2.19665,0.240481,1.93678,0.124165,0.901184,
GENE01027,4037.73,0.0356567,0.289343,0.123233,0.901922,0.989194
GENE01834,60.16,-0.070479,0.572319,-0.123146,0.901991,0.989194
GENE02945,6.72439,0.148832,1.21408,0.122589,0.902433,
GENE01247,192.188,-0.0524699,0.430334,-0.121928,0.902956,0.989268
GENE00341,56.712,-0.0705437,0.581973,-0.121215,0.903521,0.989268
GENE02574,520.864,-0.0435676,0.359541,-0.121175,0.903552,0.989268
GENE03325,206.283,0.0512966,0.424064,0.120964,0.903719,0.989268
GENE00698,23.6995,0.0921667,0.763536,0.12071,0.90392,
GENE03761,791.818,0.0408156,0.338844,0.120456,0.904122,0.989268
GENE03608,1631.92,0.0374836,0.311886,0.120184,0.904338,0.989268
GENE02885,187.466,0.0519657,0.432591,0.120127,0.904383,0.989268
GENE02505,1738.57,-0.0371909,0.309958,-0.119987,0.904493,0.989268
GENE01605,241.151,0.0491653,0.410989,0.119627,0.904779,0.989268
GENE00525,337.097,-0.04612,0.386164,-0.119431,0.904934,0.989268
GENE01709,138.152,-0.0549348,0.462697,-0.118727,0.905491,0.989268
GENE00141,466.165,-0.0433696,0.36579,-0.118564,0.905621,0.989268
GENE02323,59.8907,0.0679252,0.573043,0.118534,0.905644,0.989268
GENE01291,14.5732,-0.1066,0.90488,-0.117806,0.906221,
GENE01280,1233.02,0.0377929,0.321196,0.117663,0.906335,0.989268
GENE00298,13.3044,-0.109998,0.935397,-0.117594,0.906389,
GENE00576,794.606,-0.0398206,0.338688,-0.117573,0.906406,0.989268
GENE01332,21.4404,0.0927087,0.789913,0.117366,0.90657,
GENE03324,306.502,0.0460475,0.392798,0.117229,0.906678,0.989268
GENE01003,71.7315,-0.0638277,0.545179,-0.117077,0.906799,0.989268
GENE02964,426.489,-0.0433861,0.371056,-0.116926,0.906919,0.989268
GENE02164,142.392,0.0535035,0.459506,0.116437,0.907306,0.989396
GENE01625,57.3292,-0.0664959,0.580181,-0.114612,0.908752,0.990365
GENE02869,28.0406,-0.0826981,0.722113,-0.114522,0.908824,
GENE01953,268.923,0.0458636,0.402449,0.113961,0.909269,0.990365
GENE00767,88.0197,-0.0588108,0.516471,-0.113871,0.90934,0.990365
GENE00051,187.061,-0.0491085,0.432788,-0.11347,0.909658,0.990365
GENE03871,399.847,0.0419107,0.375024,0.111755,0.911018,0.990365
GENE00623,106.499,0.0546368,0.492252,0.110994,0.911621,0.990365
GENE02009,889.648,-0.0370432,0.333817,-0.110969,0.911641,0.990365
GENE00365,491.206,-0.040061,0.3628,-0.110422,0.912075,0.990365
GENE02076,109.758,-0.0537573,0.488628,-0.110017,0.912396,0.990365
GENE00960,125.521,0.0518087,0.473143,0.109499,0.912807,0.990365
GENE02996,4692.72,0.0312817,0.286495,0.109188,0.913054,0.990365
GENE03034,459.316,0.0400008,0.36665,0.109098,0.913125,0.990365
GENE03302,44.8923,-0.0679673,0.623125,-0.109075,0.913143,0.990365
GENE00850,550.461,0.0387572,0.356556,0.108699,0.913441,0.990365
GENE01070,549.676,0.0385938,0.356632,0.108218,0.913823,0.990365
GENE03603,55.9502,0.0631032,0.584225,0.108012,0.913986,0.990365
GENE01611,1378.94,0.0341955,0.317324,0.107762,0.914184,0.990365
GENE03518,1230.65,0.0345612,0.321264,0.107579,0.91433,0.990365
GENE03082,101.281,0.0525936,0.498414,0.105522,0.915962,0.990365
GENE00604,627.625,-0.036155,0.349791,-0.103362,0.917676,0.990365
GENE00467,198.554,0.0441415,0.427419,0.103274,0.917745,0.990365
GENE02358,164.78,-0.0459225,0.444755,-0.103254,0.917762,0.990365
GENE02614,742.501,0.0352327,0.341747,0.103096,0.917887,0.990365
GENE03596,99.8122,0.0514664,0.500235,0.102885,0.918055,0.990365
GENE01517,92.9234,-0.0521475,0.509345,-0.102381,0.918454,0.990365
GENE01648,1160.8,-0.0331008,0.323377,-0.10236,0.918471,0.990365
GENE03368,1161.37,0.0328699,0.323359,0.101651,0.919033,0.990365
GENE00628,28.0908,0.0733502,0.721691,0.101637,0.919045,
GENE01052,386.247,0.0382159,0.377206,0.101313,0.919302,0.990365
GENE00466,71.9097,0.0551434,0.544813,0.101215,0.919379,0.990365
GENE00984,2935.55,0.0299141,0.296142,0.101013,0.91954,0.990365
GENE03067,450.558,0.0370934,0.367778,0.100858,0.919663,0.990365
GENE02143,240.812,0.0414323,0.411102,0.100784,0.919722,0.990365
GENE00469,98.4084,0.0505938,0.502014,0.100782,0.919724,0.990365
GENE03450,76.606,0.0538093,0.535633,0.100459,0.91998,0.990365
GENE00290,117.505,-0.0482664,0.480628,-0.100424,0.920008,0.990365
GENE00001,296.314,0.0396554,0.395232,0.100334,0.920079,0.990365
GENE01995,2292.73,0.0303106,0.302211,0.100296,0.920109,0.990365
GENE00117,66.18,-0.0557976,0.55731,-0.10012,0.920249,0.990365
GENE00985,1100.08,0.0325133,0.325375,0.0999257,0.920403,0.990365
GENE02810,326.219,0.0387958,0.388416,0.0998823,0.920438,0.990365
GENE00907,297.244,-0.0393779,0.395005,-0.0996895,0.920591,0.990365
GENE01935,19024.1,-0.0265709,0.268125,-0.0990986,0.92106,0.990365
GENE02981,1394.81,-0.0314067,0.31694,-0.0990936,0.921064,0.990365
GENE03736,871.636,0.0331364,0.334678,0.0990096,0.921131,0.990365
GENE02425,94.7485,0.0501671,0.506835,0.0989812,0.921153,0.990365
GENE02071,949.093,-0.0326629,0.331149,-0.098635,0.921428,0.990365
GENE03872,986.364,-0.0322437,0.329602,-0.0978264,0.92207,0.990365
GENE02969,123.484,-0.0464555,0.474975,-0.0978063,0.922086,0.990365
GENE03003,43936.9,0.0255089,0.261927,0.0973893,0.922417,0.990365
GENE01091,138.095,-0.0450389,0.462741,-0.0973307,0.922464,0.990365
GENE03410,413.515,-0.0362295,0.37294,-0.0971456,0.922611,0.990365
GENE02666,1137.4,0.0314762,0.324128,0.0971104,0.922639,0.990365
GENE02830,2165.81,0.0294452,0.303719,0.0969486,0.922767,0.990365
GENE03371,91.3875,-0.0495753,0.511515,-0.0969186,0.922791,0.990365
GENE01412,16.2237,-0.0840366,0.870676,-0.0965188,0.923109,
GENE00015,373.319,0.0365205,0.37939,0.0962612,0.923313,0.990616
GENE00617,4053.57,0.0277139,0.289266,0.0958075,0.923673,0.990616
GENE00081,124.272,0.0453406,0.47426,0.0956028,0.923836,0.990616
GENE02652,787.198,-0.031838,0.339104,-0.0938885,0.925198,0.991091
GENE01506,1007.94,0.0307905,0.328745,0.0936608,0.925379,0.991091
GENE03889,435.139,0.034531,0.369847,0.0933659,0.925613,0.991091
GENE02862,307.141,0.036594,0.39265,0.0931976,0.925747,0.991091
GENE03932,790.981,-0.031513,0.338891,-0.0929885,0.925913,0.991091
GENE00597,67.0357,0.0513649,0.555342,0.0924924,0.926307,0.991091
GENE01184,143.115,-0.0421561,0.458976,-0.0918481,0.926819,0.991091
GENE03088,195.829,-0.0393051,0.42865,-0.0916952,0.92694,0.991091
GENE01824,971.207,-0.0302751,0.33022,-0.0916816,0.926951,0.991091
GENE00180,73.0539,0.0493269,0.542495,0.090926,0.927551,0.991091
GENE01148,6225.42,-0.0255434,0.281685,-0.0906808,0.927746,0.991091
GENE03236,272.58,-0.0363715,0.401423,-0.0906063,0.927805,0.991091
GENE03194,3252.58,-0.0265304,0.293836,-0.09029,0.928057,0.991091
GENE03866,1029.25,0.0295003,0.327925,0.0899604,0.928319,0.991091
GENE02256,110.749,0.0438502,0.487558,0.0899384,0.928336,0.991091
GENE01408,27.9405,0.0649658,0.722959,0.089861,0.928398,
GENE03222,190.742,-0.0384618,0.431016,-0.0892352,0.928895,0.991103
GENE01290,216.362,0.0373458,0.419961,0.0889269,0.92914,0.991103
GENE03564,127.539,0.0419061,0.47137,0.0889028,0.929159,0.991103
GENE00283,6082.58,-0.0249427,0.282055,-0.0884319,0.929533,0.991214
GENE00350,192.173,0.037781,0.430341,0.0877932,0.930041,0.991467
GENE01431,6348.67,-0.0245625,0.281376,-0.0872941,0.930438,0.991528
GENE01198,315.919,0.0339911,0.390654,0.0870109,0.930663,0.991528
GENE03687,40.3526,0.0551953,0.643554,0.0857664,0.931652,0.991528
GENE03177,121.722,-0.0407919,0.476598,-0.0855898,0.931793,0.991528
GENE03384,362.245,-0.0326172,0.381353,-0.0855304,0.93184,0.991528
GENE03665,57.428,0.0494955,0.579897,0.0853522,0.931981,0.991528
GENE01464,3965.11,0.0246967,0.289702,0.0852488,0.932064,0.991528
GENE02401,3009.43,0.0249111,0.295572,0.0842809,0.932833,0.991528
GENE02467,28.9805,0.0601761,0.714395,0.0842337,0.932871,
GENE02876,441.093,0.0309563,0.369035,0.0838843,0.933148,0.991528
GENE03592,26.2338,0.0611816,0.738101,0.0828906,0.933939,
GENE01598,393.805,-0.0311648,0.375979,-0.0828895,0.933939,0.991528
GENE01062,500.821,-0.029944,0.361712,-0.0827841,0.934023,0.991528
GENE01805,2236.59,-0.0249915,0.302862,-0.0825177,0.934235,0.991528
GENE02795,57.0644,0.0477447,0.580946,0.0821844,0.9345,0.991528
GENE03200,63.5606,-0.0459689,0.563578,-0.0815661,0.934992,0.991528
GENE03087,992.761,0.0267988,0.329345,0.0813699,0.935148,0.991528
GENE01329,57.0879,0.0470986,0.580878,0.0810817,0.935377,0.991528
GENE00615,301.033,0.0319126,0.39409,0.0809781,0.935459,0.991528
GENE00138,146.934,0.0369216,0.456243,0.0809252,0.935501,0.991528
GENE01714,135.827,-0.0369268,0.464509,-0.0794964,0.936638,0.991528
GENE01698,1196.46,0.0255719,0.322276,0.0793479,0.936756,0.991528
GENE00993,621.482,-0.0276633,0.350283,-0.0789742,0.937053,0.991528
GENE01562,1526.93,0.0247422,0.313978,0.0788022,0.93719,0.991528
GENE01655,4660.09,-0.0225412,0.286622,-0.0786443,0.937316,0.991528
GENE00059,440.494,0.0289094,0.369116,0.0783207,0.937573,0.991528
GENE01854,26.993,0.0570551,0.731188,0.0780307,0.937804,
GENE02834,629.15,-0.0272674,0.34967,-0.0779805,0.937844,0.991528
GENE02321,153.308,-0.0351665,0.45191,-0.0778175,0.937973,0.991528
GENE01360,2003.82,0.0235394,0.305848,0.0769644,0.938652,0.991528
GENE02872,193.8,-0.0328048,0.429582,-0.0763645,0.939129,0.991528
GENE02226,3563.01,0.0221968,0.291882,0.0760471,0.939382,0.991528
GENE01784,127.993,0.0356882,0.470977,0.0757748,0.939598,0.991528
GENE02967,1341.53,0.0240875,0.318256,0.0756859,0.939669,0.991528
GENE00803,1071.63,0.0244814,0.326369,0.0750114,0.940206,0.991528
GENE00777,62.2933,0.0423734,0.566752,0.0747654,0.940401,0.991528
GENE02319,291.703,-0.0292814,0.396376,-0.0738728,0.941112,0.991528
GENE01305,283.818,0.0294119,0.398395,0.0738259,0.941149,0.991528
GENE02416,1023.13,0.024217,0.328158,0.0737968,0.941172,0.991528
GENE00737,1211.7,-0.0237267,0.321819,-0.0737269,0.941228,0.991528
GENE02146,5116.6,-0.0209025,0.28495,-0.0733548,0.941524,0.991528
GENE03378,197.326,-0.0312569,0.42797,-0.0730352,0.941778,0.991528
GENE02374,319.433,0.0284157,0.389878,0.0728835,0.941899,0.991528
GENE03558,188170,0.018575,0.255763,0.0726259,0.942104,0.991528
GENE03355,32.8321,0.0497764,0.686306,0.0725281,0.942182,0.991528
GENE00408,130.215,-0.0338779,0.469083,-0.0722216,0.942426,0.991528
GENE03126,433.989,-0.0267127,0.370005,-0.0721955,0.942446,0.991528
GENE00484,132.566,0.0334565,0.467132,0.071621,0.942904,0.991528
GENE00348,463.582,-0.0261691,0.366112,-0.0714785,0.943017,0.991528
GENE03722,384.663,-0.0269673,0.377468,-0.0714427,0.943045,0.991528
GENE03180,97.7599,0.0358006,0.502848,0.0711956,0.943242,0.991528
GENE00439,1460.14,-0.0222482,0.315425,-0.0705342,0.943768,0.991528
GENE00585,96.6703,-0.0353699,0.504269,-0.070141,0.944081,0.991528
GENE01554,936.476,-0.0232464,0.331694,-0.0700838,0.944127,0.991528
GENE01983,47.8541,0.0427092,0.611394,0.0698555,0.944309,0.991528
GENE03364,1072.2,0.0227431,0.326349,0.0696894,0.944441,0.991528
GENE03956,16.3863,-0.0602948,0.86759,-0.069497,0.944594,
GENE02426,220.967,0.0289865,0.418181,0.0693158,0.944738,0.991556
GENE01865,57.9145,0.0398035,0.578508,0.0688036,0.945146,0.991614
GENE01637,2503.86,-0.0202087,0.299961,-0.067371,0.946286,0.991614
GENE00856,195.54,-0.0287318,0.428782,-0.0670079,0.946575,0.991614
GENE03086,2699.96,0.0199032,0.298113,0.0667641,0.946769,0.991614
GENE02176,3306.04,-0.0195819,0.29348,-0.0667231,0.946802,0.991614
GENE00770,2018.81,-0.0201759,0.305641,-0.0660119,0.947368,0.991614
GENE01472,717.785,0.0225214,0.343313,0.0656001,0.947696,0.991614
GENE01604,10.6804,-0.0662845,1.01497,-0.0653067,0.94793,
GENE02559,1135.37,-0.0210665,0.324194,-0.064981,0.948189,0.991614
GENE00247,171.806,-0.0285191,0.440731,-0.0647086,0.948406,0.991614
GENE02260,94.2968,0.0325849,0.507449,0.0642131,0.948801,0.991614
GENE03522,361.074,0.0241696,0.381565,0.0633432,0.949493,0.991614
GENE02715,1279.36,0.0202398,0.319895,0.0632703,0.949551,0.991614
GENE01463,429.238,-0.0234187,0.370668,-0.0631798,0.949623,0.991614
GENE02963,194.588,-0.0270904,0.429218,-0.0631157,0.949674,0.991614
GENE02219,83.6337,-0.0330188,0.523369,-0.063089,0.949696,0.991614
GENE03411,238.777,0.0259737,0.411787,0.0630757,0.949706,0.991614
GENE02528,99.705,-0.0312927,0.50037,-0.0625392,0.950133,0.991614
GENE02709,587.633,0.0220825,0.35313,0.0625334,0.950138,0.991614
GENE03150,15.1922,0.0555219,0.8914,0.0622862,0.950335,
GENE03880,69.4155,-0.0339429,0.550063,-0.0617073,0.950796,0.991614
GENE01165,112.719,-0.029893,0.485474,-0.0615749,0.950901,0.991614
GENE02414,1011.02,-0.0201997,0.328625,-0.0614674,0.950987,0.991614
GENE02056,318.665,0.0237012,0.390047,0.0607651,0.951546,0.991614
GENE02671,129.642,0.0284731,0.469567,0.0606369,0.951648,0.991614
GENE03468,2168.8,0.0182926,0.303682,0.0602362,0.951968,0.991614
GENE01638,15.6182,-0.0526269,0.882592,-0.0596276,0.952452,
GENE01054,1050.27,-0.0194466,0.327142,-0.059444,0.952598,0.991614
GENE00070,731.88,-0.0203401,0.34241,-0.0594027,0.952631,0.991614
GENE00443,380.265,0.0223994,0.378203,0.0592259,0.952772,0.991614
GENE00734,12.1629,-0.0569591,0.966838,-0.0589128,0.953022,
GENE02982,242.444,0.0240092,0.410559,0.0584794,0.953367,0.991614
GENE01373,326.347,-0.0226699,0.388389,-0.0583692,0.953455,0.991614
GENE03387,290.544,0.023041,0.396668,0.0580864,0.95368,0.991614
GENE03066,1318.52,-0.0183064,0.318849,-0.0574141,0.954215,0.991614
GENE03613,281.86,-0.0228841,0.39891,-0.0573666,0.954253,0.991614
GENE03749,164.959,0.0253411,0.444649,0.0569913,0.954552,0.991614
GENE03512,537.542,-0.0203852,0.357829,-0.0569691,0.95457,0.991614
GENE03441,3751.27,0.0164065,0.290818,0.0564149,0.955011,0.991614
GENE01055,222.281,0.0234107,0.417683,0.0560489,0.955303,0.991614
GENE00186,384.31,0.0211459,0.377526,0.0560116,0.955333,0.991614
GENE03530,716.253,-0.0192287,0.343413,-0.055993,0.955347,0.991614
GENE02635,33.6577,0.0381113,0.680921,0.0559703,0.955366,0.991614
GENE00223,392.647,0.0207791,0.376165,0.0552393,0.955948,0.991614
GENE03245,270.497,0.0220338,0.402005,0.0548099,0.95629,0.991614
GENE01665,90.549,-0.0280469,0.512723,-0.0547018,0.956376,0.991614
GENE01089,866.047,0.0182593,0.334951,0.0545132,0.956526,0.991614
GENE02643,610.826,0.0189135,0.351154,0.053861,0.957046,0.991614
GENE03485,3638.57,-0.015622,0.291445,-0.0536017,0.957252,0.991614
GENE01629,336.938,-0.0205844,0.386196,-0.0533003,0.957493,0.991614
GENE02591,274.066,0.021336,0.401012,0.0532054,0.957568,0.991614
GENE02444,702.935,0.0182249,0.344294,0.0529341,0.957784,0.991614
GENE01186,638.872,0.0181489,0.348908,0.0520161,0.958516,0.992091
GENE01710,2135.03,-0.0156121,0.304105,-0.051338,0.959056,0.99237
GENE01690,1010.04,-0.0166708,0.328663,-0.0507231,0.959546,0.992597
GENE00497,1925.17,0.0153086,0.306978,0.0498688,0.960227,0.99302
GENE03142,38.5406,-0.0323179,0.652699,-0.0495142,0.96051,0.993032
GENE02663,120.404,-0.0232335,0.477835,-0.0486225,0.96122,0.993487
GENE03684,51.6126,-0.0288021,0.597986,-0.0481652,0.961585,0.993583
GENE00566,58.4659,-0.0274152,0.576956,-0.047517,0.962101,0.993837
GENE03143,216.129,0.0196245,0.420053,0.0467192,0.962737,0.994213
GENE00677,550.808,-0.0163594,0.356522,-0.0458861,0.963401,0.994247
GENE01403,49.8629,-0.0276128,0.604039,-0.0457136,0.963539,0.994247
GENE00228,29020,0.012058,0.264675,0.0455578,0.963663,0.994247
GENE02423,174.73,0.0198903,0.439128,0.045295,0.963872,0.994247
GENE03148,702.999,-0.0154435,0.344289,-0.0448562,0.964222,0.994247
GENE02901,62.4764,-0.0249057,0.566287,-0.0439807,0.96492,0.994247
GENE00753,66.1523,-0.0244368,0.557374,-0.0438426,0.96503,0.994247
GENE03668,19.687,0.0354477,0.813444,0.0435773,0.965241,
GENE01833,4638.09,0.0124783,0.286709,0.0435225,0.965285,0.994247
GENE00949,308.028,-0.0167312,0.392444,-0.0426334,0.965994,0.994247
GENE03123,50.9537,0.0255753,0.600229,0.0426092,0.966013,0.994247
GENE01067,4480.54,-0.0121701,0.287349,-0.0423529,0.966217,0.994247
GENE00772,5378,0.0119315,0.28409,0.0419991,0.966499,0.994247
GENE03037,4.68576,-0.0588086,1.40492,-0.0418592,0.966611,
GENE01200,321.049,0.0162083,0.389526,0.0416103,0.966809,0.994247
GENE02413,6853.82,0.0116205,0.280198,0.0414725,0.966919,0.994247
GENE03925,50.3002,-0.0249082,0.602497,-0.0413416,0.967024,0.994247
GENE03346,1010.56,0.0135503,0.328643,0.041231,0.967112,0.994247
GENE01127,550.037,-0.0140335,0.356597,-0.0393541,0.968608,0.994447
GENE02800,7047.41,0.010999,0.27978,0.039313,0.968641,0.994447
GENE01635,269.595,0.0158035,0.402259,0.0392868,0.968662,0.994447
GENE00736,89.9077,-0.0199072,0.513658,-0.0387557,0.969085,0.994447
GENE02972,93.825,-0.0196913,0.508096,-0.038755,0.969086,0.994447
GENE03783,646.241,-0.0134642,0.348343,-0.0386522,0.969168,0.994447
GENE03885,1542.62,-0.0121082,0.313652,-0.0386041,0.969206,0.994447
GENE03568,232.677,-0.0157262,0.413894,-0.0379956,0.969691,0.994489
GENE02395,89.3477,0.0194843,0.514483,0.0378716,0.96979,0.994489
GENE02212,508.582,0.0130637,0.360856,0.036202,0.971121,0.995576
GENE03191,179.412,0.0154754,0.436644,0.0354417,0.971728,0.995728
GENE01787,33.4129,-0.0241157,0.682497,-0.0353346,0.971813,0.995728
GENE02240,196.64,-0.0145833,0.428281,-0.0340507,0.972837,0.996498
GENE00688,12.6814,-0.0319052,0.952031,-0.0335128,0.973266,
GENE00594,2699.61,-0.00978068,0.298116,-0.0328083,0.973827,0.997104
GENE00975,394.479,-0.0122636,0.375872,-0.032627,0.973972,0.997104
GENE02578,1462.95,-0.0100957,0.315362,-0.0320131,0.974462,0.997264
GENE00044,6.06444,0.0401433,1.26518,0.0317292,0.974688,
GENE03571,277.354,0.0126215,0.400114,0.0315447,0.974835,0.997264
GENE00034,399.418,0.0117804,0.375091,0.0314068,0.974945,0.997264
GENE01713,76.6185,0.0163566,0.53561,0.0305383,0.975638,0.997329
GENE02483,3191.74,0.0088661,0.294251,0.030131,0.975963,0.997329
GENE00119,593.91,0.0106021,0.352584,0.0300696,0.976012,0.997329
GENE00215,55.8528,-0.0175127,0.584516,-0.029961,0.976098,0.997329
GENE01060,562.734,-0.0104085,0.355387,-0.0292878,0.976635,0.997512
GENE02808,872.262,-0.00972308,0.334648,-0.0290546,0.976821,0.997512
GENE03477,573.397,0.0100901,0.354403,0.0284708,0.977287,0.997591
GENE02446,23.8326,0.0212481,0.7621,0.027881,0.977757,
GENE02161,135.189,-0.0128239,0.465015,-0.0275773,0.977999,0.997591
GENE03264,71.2559,-0.0149433,0.546162,-0.0273605,0.978172,0.997591
GENE03113,8.85191,0.0293566,1.09028,0.0269259,0.978519,
GENE01693,285.929,0.0106989,0.397846,0.0268921,0.978546,0.997591
GENE01908,392.299,0.0100756,0.376221,0.026781,0.978634,0.997591
GENE02267,139.805,0.0122979,0.461436,0.0266515,0.978738,0.997591
GENE02488,2095.06,0.00809299,0.304619,0.0265676,0.978805,0.997591
GENE00332,344.536,-0.00940627,0.384686,-0.0244518,0.980492,0.998474
GENE03728,449.482,0.00899218,0.367919,0.0244406,0.980501,0.998474
GENE03729,278.819,0.00961634,0.39972,0.0240577,0.980807,0.998474
GENE01149,163.401,0.0105978,0.445575,0.0237847,0.981024,0.998474
GENE00711,1622.48,-0.00723163,0.312065,-0.0231734,0.981512,0.998474
GENE00198,188.095,-0.00991895,0.432285,-0.0229454,0.981694,0.998474
GENE02132,196.399,0.00982313,0.42839,0.0229304,0.981706,0.998474
GENE03873,357.701,-0.0086754,0.382184,-0.0226995,0.98189,0.998474
GENE00063,168.734,0.00991429,0.442459,0.0224072,0.982123,0.998474
GENE03939,483.138,0.00767739,0.363738,0.0211069,0.98316,0.999055
GENE01445,123.688,-0.00984708,0.47479,-0.0207399,0.983453,0.999055
GENE02966,17.097,-0.0174528,0.854617,-0.0204218,0.983707,
GENE01683,296.01,0.00800805,0.395307,0.0202578,0.983838,0.999055
GENE01264,416.694,0.00745571,0.372471,0.0200169,0.98403,0.999055
GENE01522,841.348,0.006713,0.336189,0.0199679,0.984069,0.999055
GENE03267,737.645,-0.00671748,0.342048,-0.019639,0.984331,0.999055
GENE03488,28.7597,-0.0138943,0.716174,-0.0194008,0.984521,
GENE01917,1079.71,-0.0061173,0.326083,-0.01876,0.985033,0.999381
GENE03025,139.65,0.008515,0.461553,0.0184486,0.985281,0.999381
GENE02570,1562.78,0.00560024,0.31324,0.0178784,0.985736,0.999381
GENE00866,2008.45,-0.00535542,0.305784,-0.0175137,0.986027,0.999381
GENE02503,730.9,0.00594053,0.342472,0.017346,0.986161,0.999381
GENE02929,1607.78,0.00524376,0.312349,0.0167882,0.986606,0.999381
GENE01316,282.888,-0.00665672,0.398639,-0.0166986,0.986677,0.999381
GENE02101,339.681,0.00636382,0.385645,0.0165018,0.986834,0.999381
GENE03782,620.904,0.00564208,0.350329,0.0161051,0.987151,0.999425
GENE03567,2206.69,-0.00473996,0.303219,-0.0156321,0.987528,0.999531
GENE03068,28.0029,-0.0111283,0.722431,-0.0154039,0.98771,
GENE00958,6.93445,-0.0171277,1.19937,-0.0142806,0.988606,
GENE01357,1129.72,0.00427976,0.32438,0.0131937,0.989473,0.999929
GENE03789,15.4131,0.0113007,0.886789,0.0127434,0.989833,
GENE03760,399.239,-0.00476281,0.375119,-0.0126968,0.98987,0.999929
GENE02365,57.4083,0.00727999,0.579953,0.0125527,0.989985,0.999929
GENE01284,195.065,-0.00510974,0.428999,-0.0119109,0.990497,0.999929
GENE03412,29.7049,-0.00812481,0.708697,-0.0114644,0.990853,
GENE01107,155.26,0.00513357,0.450637,0.0113918,0.990911,0.999929
GENE01520,7235.52,-0.00301808,0.27939,-0.0108024,0.991381,0.999929
GENE01267,141.425,-0.00494488,0.460222,-0.0107446,0.991427,0.999929
GENE02289,12796.9,-0.00284747,0.2721,-0.0104648,0.99165,0.999929
GENE00971,337.798,-0.00398169,0.386023,-0.0103147,0.99177,0.999929
GENE03574,1548.25,0.00312607,0.313536,0.00997039,0.992045,0.999929
GENE00660,747.029,0.00339952,0.341468,0.00995559,0.992057,0.999929
GENE03272,1187.26,0.0030116,0.322555,0.00933672,0.99255,0.999929
GENE00169,16.5046,0.00797153,0.865371,0.00921169,0.99265,
GENE01656,207.59,-0.00386265,0.423515,-0.00912045,0.992723,0.999929
GENE02361,258.788,0.00359789,0.405406,0.00887477,0.992919,0.999929
GENE03633,285.237,0.00350756,0.398026,0.00881239,0.992969,0.999929
GENE01489,237.231,-0.00358645,0.412313,-0.00869837,0.99306,0.999929
GENE03322,91.4832,0.00437228,0.511378,0.00854999,0.993178,0.999929
GENE00208,250.799,0.00330279,0.407862,0.00809781,0.993539,0.999929
GENE03045,2578.16,0.00234146,0.299236,0.00782479,0.993757,0.999929
GENE01688,180.991,0.00325984,0.435828,0.00747965,0.994032,0.999929
GENE00461,595.725,0.00254187,0.352428,0.00721246,0.994245,0.999929
GENE03217,99.6742,-0.00355978,0.500408,-0.00711375,0.994324,0.999929
GENE00814,2975.63,0.00209876,0.29583,0.00709448,0.994339,0.999929
GENE02149,32.7592,0.00452331,0.68679,0.00658616,0.994745,
GENE00702,204.77,0.00272671,0.424706,0.00642024,0.994877,0.999929
GENE03639,177.982,-0.002742,0.437393,-0.00626897,0.994998,0.999929
GENE01030,36.0676,0.00365813,0.666276,0.00549041,0.995619,0.999929
GENE02513,748.522,-0.001551,0.341377,-0.00454336,0.996375,0.999929
GENE03046,290.71,-0.0017153,0.396626,-0.00432473,0.996549,0.999929
GENE03164,1979.82,-0.00112629,0.306186,-0.00367845,0.997065,0.999929
GENE03276,548.504,0.0012186,0.356746,0.00341588,0.997275,0.999929
GENE01215,92.404,-0.001633,0.510073,-0.0032015,0.997446,0.999929
GENE01102,6.98544,-0.00382003,1.1959,-0.00319428,0.997451,
GENE00756,5100.32,-0.000827923,0.285006,-0.00290493,0.997682,0.999929
GENE01100,1345.58,0.000910737,0.318153,0.00286258,0.997716,0.999929
GENE02454,980.671,-0.000873109,0.329832,-0.00264713,0.997888,0.999929
GENE00218,447.779,-0.000861966,0.368143,-0.00234139,0.998132,0.999929
GENE03709,567.927,-0.000619187,0.354904,-0.00174466,0.998608,0.999929
GENE00236,3886.18,-0.000488189,0.290103,-0.00168281,0.998657,0.999929
GENE00393,2033.18,-0.000421842,0.305444,-0.00138108,0.998898,0.999929
GENE01898,411.228,0.000288812,0.373282,0.000773709,0.999383,0.999929
GENE01009,786.464,0.000223229,0.339146,0.000658208,0.999475,0.999929
GENE03667,540.622,-0.000189312,0.357521,-0.000529514,0.999578,0.999929
GENE01395,772.62,0.000161467,0.339941,0.000474986,0.999621,0.999929
GENE01450,925.969,0.000110151,0.332156,0.000331625,0.999735,0.999929
GENE02370,632.54,3.11076e-05,0.349402,8.9031e-05,0.999929,0.999929
TP53I3,1481.45,2.43921,0.314953,,,
GENE00238,4.32073,1.39394,1.45271,,,
GENE00374,64.3579,-1.1209,0.56163,,,
GENE01164,158.941,0.428934,0.4483,,,
GENE01429,3849.43,0.189755,0.290294,,,
GENE01584,49.3406,-0.295717,0.605908,,,
GENE02391,285.856,0.706362,0.397865,,,
GENE02742,116.742,0.694969,0.481381,,,
GENE02764,202.689,-0.337342,0.4256,,,
GENE02882,36.2076,-0.307157,0.665471,,,
GENE02944,400.68,0.105201,0.374894,,,
GENE03078,156.901,-0.133361,0.449585,,,
GENE03093,491.471,-0.109094,0.362769,,,
GENE03108,1186.56,0.624541,0.322576,,,
GENE03382,139.637,0.0447698,0.461563,,,
GENE03386,11329.5,0.00295818,0.273487,,,
GENE03955,102.831,0.46899,0.496534,,,
